Count,ACC,Species,11,Type Strain,Note,WGS=Assembly=Strain
1,CP034726,Acetilactobacillus jinshanensis,1,,,
2,AZGA00000000,Agrilactobacillus composti,1,DSM 18527; JCM 14202; NRIC 689,,
3,JACGCJ000000000,Agrilactobacillus fermenti,1,BCRC 81220; CC-MHH1034; JCM 33476,Add in Mar 18 2023,
4,RHOY00000000,Agrilactobacillus yilanensis,1,54-2; CCM 8896; KCTC 21120; LMG 31058; NCIMB 15154,,
5,AYYS00000000,Amylolactobacillus amylophilus,1,ATCC 49845; CCUG 30137; CIP 102988; DSM 20533; IFO 15881; JCM 1125; LMG 6900; NBRC 15881; NCAIM B.01457; NRRL B-4437; NRRL B-4476,,
,GCA_001434555.1,Amylolactobacillus amylotrophicus,,DSM 20534; JCM 1124; LMG 11400; NRRL B-4436,Added in Jun 17 2023,
6,JXCT00000000,Apilactobacillus apinorum,1,CCUG 63287; DSM 26257; Fhon13N,,
7,CP093362.1,Apilactobacillus apisilvae,1,LMG 32133; NBRC 114991; SG5_A10,Add in Mar 18 2023.  Didn't use the plasmid sequence that Michael listed in the ACC column.,
8,CP032626,Apilactobacillus bombintestini,1,BHWM-4; KACC 19317; NBRC 113067,,
9,AZCK00000000,Apilactobacillus kunkeei,1,ATCC 700308; DSM 12361; JCM 16173; strain YH-15,,
10,POSO00000000,Apilactobacillus micheneri,1,DSM 104126; Hlig3; JCM 33323; NRRL B-65473,,
11,GCA_016861915.1,Apilactobacillus nanyangensis,1,CCTCC AB 2019385; HN36-1; JCM 33867,updated in Jun 27 2023. The old genome is Levilactobacillus. ,
12,AYYQ00000000,Apilactobacillus ozensis,1,DSM 23829; JCM 17196; Mizu2-1,,
13,POSN00000000,Apilactobacillus quenuiae,1,DSM 104127; HV_6; NRRL B-65474,,
14,POST00000000,Apilactobacillus timberlakei,1,DSM 104128; HV_12; NRRL B-65472,,
,GCA_019061205.1,Apilactobacillus waqarii,,HBW1,Added in Jun 17 2023,
15,BPLL00000000,Apilactobacillus xinyiensis,1,CCTCC AB 2021028; F575-4; JCM 34501,,
16,BPLK00000000,Apilactobacillus zhangqiuensis,1,CCTCC AB 2021026; F502-1; JCM 34500,,
17,JABZEC000000000,Bombilactobacillus apium,1,DCY 120; JCM 34006; KCTC 43194,,
18,CP031513,Bombilactobacillus bombi,1,BTLCH M1/2; CCM 8440; DSM 26517,Add in Mar 18 2023. There is no ACC for the type strain. So use the alternative genome of the reference strain.,
19,CP093366.1,Bombilactobacillus folatiphilus,1,LMG 32126; NBRC 115004; SG4_D2,Add in Mar 18 2023. Didn't use the plasmid sequence that Michael listed in the ACC column.,
20,JXJQ00000000,Bombilactobacillus mellifer,1,Bin4N; CCUG 63291; DSM 26254,,
21,JXBZ00000000,Bombilactobacillus mellis,1,CCUG 63289; DSM 26255; Hon2N,,
22,CP093365,Bombilactobacillus thymidiniphilus,1,LMG 32125; NBRC 114984; SG4_A1,Add in Mar 18 2023,
23,JQBG01000000,Carnobacterium maltaromaticum,1,,Outgroup,
24,AZDQ00000000,Companilactobacillus alimentarius,1,ATCC 29643; CCUG 30672; CIP 102986; DSM 20249; JCM 1095; LMG 9187,,
25,CP019323,Companilactobacillus allii,1,JCM 31938; KCTC 21077; WiKim39,,
26,RHOQ00000000,Companilactobacillus baiquanensis,1,184-8; CCM 8895; KCTC 21131; LMG 31050; NCIMB 15152,,
27,AZDY00000000,Companilactobacillus bobalius,1,203; CECT 7310; DSM 19674; JCM 16180,,
28,AZDB00000000,Companilactobacillus crustorum,1,CCUG 53174; JCM 15951; LMG 23699,,
29,AZDR00000000,Companilactobacillus farciminis,1,ATCC 29644; CCUG 30671; CIP 103136; DSM 20184; JCM 1097; LMG 9200; NRRL B-4566,,
30,QWDI00000000,Companilactobacillus formosensis,1,BCRC 80582; NBRC 109509; S215,,
31,RHNT00000000,Companilactobacillus furfuricola,1,DSM 27174; JCM 18764; NRIC 900; Nu 27,,
32,AZDO00000000,Companilactobacillus futsaii,1,BCRC 80278; JCM 17355; YM 0097,,
33,CP012034,Companilactobacillus ginsenosidimutans,1,DSM 24154T; EMML 3041; KACC 15420T; LMG 31607,,
34,VDFP00000000,Companilactobacillus halodurans,1,DSM 109452; LMG 31402; TMW 1.2172,,
35,CP012559,Companilactobacillus heilongjiangensis,1,DSM 28069; LMG 26166; NCIMB 14701; S4-3,,
36,BJDF00000000,Companilactobacillus huachuanensis,1,395-6.2; CCM 8927; LMG 31179; NCIMB 15188,,
37,RHOO00000000,Companilactobacillus hulinensis,1,8-1(1); CCM 8898; KCTC 21115; LMG 31047; NCIMB 15156,,
38,RHNU00000000,Companilactobacillus insicii,1,CECT 8802; DSM 29801; TMW 1.2011,,
39,RHOP00000000,Companilactobacillus jidongensis,1,204-8; CCM 8900; KCTC 21133; LMG 31054; NCIMB 15159,,
40,RHOR00000000,Companilactobacillus kedongensis,1,116-2; CCM 8899; KCTC 21124; LMG 31051; NCIMB 15158,,
41,RHOS00000000,Companilactobacillus keshanensis,1,33-7; CCM 8936; KCTC 21118; LMG 31166; NCIMB 15153,,
42,JQCF00000000,Companilactobacillus kimchiensis,1,DSM 24716; JCM 17702; KACC 15533; L133,,
43,AZDH00000000,Companilactobacillus kimchii,1,AP1077; ATCC BAA-131; CCUG 45370; CIP 107019; DSM 13961; JCM 10707; KCTC 8903P; MT-1077,,
44,RSTD00000000,Companilactobacillus metriopterae,1,DSM 103730; Hime 5-1; JCM 31635,Shown as Lactobacillus terrae on NCBI taxonomy. Companilactobacillus metriopterae in Michael's file.,
45,AZEZ00000000,Companilactobacillus mindensis,1,CCUG 48642; DSM 14500; JCM 12532; LMG 21508; TMW 1.80,,
46,RHON00000000,Companilactobacillus mishanensis,1,256-3; CCM 8901; LMG 31048; NCIMB 15160,,
47,BIFW00000000,Companilactobacillus musae,1,313; BCRC 81020; NBRC 112868,,
48,AZFV00000000,Companilactobacillus nantensis,1,CIP 108546; DSM 16982; JCM 16171; LP33; TMW 1.1265,,
49,AZDZ00000000,Companilactobacillus nodensis,1,DSM 19682; iz4b-1; JCM 14932,,
50,NIPR00000000,Companilactobacillus nuruki,1,NBRC 112011; SYF10-1a,,
51,CP049366,Companilactobacillus pabuli,1,JCM 34088; KACC 21771; NFFJ11,,
52,AZES00000000,Companilactobacillus paralimentarius,1,CCUG 43349; CIP 106794; DSM 13238; JCM 10415; LMG 19152; TB 1,,
54,RKLY00000000,Companilactobacillus suantsaicola,1,BCRC 81127; NBRC 113530; R7,,
55,AZDG00000000,Companilactobacillus tucceti,1,ECT 5920; DSM 20183; JCM 18037; R 19c,,
56,AZFA00000000,Companilactobacillus versmoldensis,1,ATCC BAA-478; DSM 14857; JCM 16174; KU-3; NCCB 100034,,
57,CP031933,Companilactobacillus zhachilii,1,GDMCC 1.1417; HBUAS52074; KCTC 21106,,
58,RHOM00000000,Companilactobacillus zhongbaensis,1,CCM 8892; LMG 31045; M1575; NCIMB 15149,,
59,QEKT00000000,Convivina intestini,1,DSM 28795; LMG 28291,,
60,AZDI00000000,Dellaglioa algida,1,CIP 106688; DSM 15638; IP 106688; JCM 10491; LMG 19872; M6A9,,
,GCA_026948345.1,Dellaglioa carnosa,,DSM 114968; LMG 32819; TMW 2.2523,Added in Jun 17 2023,
61,CP097121,Fructilactobacillus carniphilus,1,KI4_A6; LMG 32127; NBRC 114985,Add in Mar 18 2023,
62,CP097117,Fructilactobacillus cliffordii,1,KI11_D11; LMG 32130; NBRC 114988,Add in Mar 18 2023,
63,AYZI00000000,Fructilactobacillus florum,1,DSM 22689; F9-1; JCM 16035; NRIC 771,,
64,AZDS00000000,Fructilactobacillus fructivorans,1,ATCC 8288; CCUG 32260; CIP 103042; DSM 20203; IFO 13954; JCM 1117; KCTC 3543; LMG 9201; NBRC 13954; NRRL B-1841,,
65,CP097118,Fructilactobacillus hinvesii,1,KI11_C11; LMG 32129; NBRC 114987,Add in Mar 18 2023,
66,CP097478,Fructilactobacillus ixorae,1,LMG 29008; NBRC 111239; PCU 346; Ru20-1; TISTR 2381,Add in Mar 18 2023,
67,JQBT00000000,Fructilactobacillus lindneri,1,CIP 102983; DSM 20690; JCM 11027; KPA; LMG 14528,,
68,CP097116,Fructilactobacillus myrtifloralis,1,KI16_H9; LMG 32131; NBRC 114989,Add in Mar 18 2023,
69,AYYM00000000,Fructilactobacillus sanfranciscensis,1,ATCC 27651; CCUG 30143; CIP 103252; DSM 20451; JCM 5668; LMG 16002; NRRL B-3934; Strain L-12,,
,,,,,,
,,,,,,
,,,,,,
,,,,,,
,,,,,,
70,GCA_024029775.1,Fructobacillus americanaquae,1,KI3_B9; LMG 32124; NBRC 114983,Modified GCA in Jun 17 2023. Add in Mar 18 2023,
71,GCA_023893635.1,Fructobacillus apis,1,BCRC 81365; NBRC 115637; W13,Modified GCA in Jun 17 2023. Add in Mar 18 2023,
72,GCA_018437275.1,Fructobacillus broussonetiae,1,BCRC 81240; M2-14; NBRC 114436,Modified GCA in Jun 17 2023. ,
73,GCA_023218935.1,Fructobacillus cardui,1,CECT 30515; DSM 113480; TMW 2.2452,Modified GCA in Jun 17 2023. Add in Mar 18 2023,
74,FOLI00000000,Fructobacillus durionis,1,CCUG 49949; D-24; DSM 19113; LAB 1679; LMG 22556,,
75,BBXQ00000000,Fructobacillus ficulneus,1,DSM 13613; FS-1; JCM 12225; NRRL B-23447,,
76,JQBH00000000,Fructobacillus fructosus,1,ATCC 13162; CCUG 32246; CIP 102985; DSM 20349; IFO 3516; JCM 1119; LMG 9498; NBRC 3516; NCIB 10784; NCIMB 10784; NRIC 1058; NRRL B-2041,,
77,GCA_018437225.1,Fructobacillus papyriferae,1,BCRC 81237; M1-10; NBRC 114433,Modified GCA in Jun 17 2023. ,
78,GCA_018437235.1,Fructobacillus papyrifericola,1,BCRC 81239; M1-21; NBRC 114435,Modified GCA in Jun 17 2023. ,
79,GCA_018437265.1,Fructobacillus parabroussonetiae,1,BCRC 81241; NBRC 114437; S1-1,Modified GCA in Jun 17 2023. ,
80,FNWS00000000,Fructobacillus pseudoficulneus,1,CECT 5759; DSM 15468; LC-51,,
81,BBXT00000000,Fructobacillus tropaeoli,1,DSM 23246; F214-1; JCM 16675,,
82,JAIWJF000000000,Furfurilactobacillus milii,1,DSM 113338; FUA3430; LMG 32478,KEEP. The type strain.,
83,AZFF00000000,Furfurilactobacillus rossiae,1,CS1;  ATCC BAA-822; DSM 15814; JCM 16176,KEEP. The type strain.,
84,JQCB00000000,Furfurilactobacillus siliginis,1,DSM 22696; JCM 16155; KCTC 3985; M1-212; NBRC 101315,KEEP. The type strain.,
85,AYZL00000000,Holzapfeliella floricola,1,DSM 23037; JCM 16512; LMG 29183; NRIC 774; Ryu1-2,"Corrected. The genus name was incorrect because of me, but I didn't find out.",
86,JABEKX000000000,Lacticaseibacillus absianus,1,JCM 33998; KCTC 25006; YH-lac23,,
87,RHOI00000000,Lacticaseibacillus baoqingensis,1,47-3; CCM 8903; LMG 31064; NCIMB 15165,,
88,AYZQ00000000,Lacticaseibacillus brantae,1,ATCC BAA-2142; DSM 23927; LMG 26001; SL1108,,
89,AYZJ00000000,Lacticaseibacillus camelliae,1,BCC 21233; DSM 22697; JCM 13995; MCH3-1; NRIC 672,,
90,BALS00000000,Lacticaseibacillus casei,1,ATCC 393; BCRC 10697; CCRC 10697; CCUG 21451; CECT 475; CIP 103137; DSM 20011; Hucker03; IAM 12473; IFO 15883; KCTC 3109; LMG 6904; NBRC 15883; NCIB 11970; NCIMB 11970; NRRL B-1922; Orla-Jensen 7; OrlandL-323; Tittsler303,,
91,MSSM00000000,Lacticaseibacillus chiayiensis,1,BCRC 81062; NBRC 112906; NCYUAS,,
92,RHOH00000000,Lacticaseibacillus daqingensis,1,143-4(a); CCM 8948; CCTCC 2018390; JCM 33273; NCIMB 15173,,
93,RHOL00000000,Lacticaseibacillus hegangensis,1,73-4; CCM 8912; CCTCC AB 2018407; NCIMB 15177,,
94,RRYD00000000,Lacticaseibacillus hulanensis,1,CCM 8926; CCTCC AB 2019015; NCIMB 15193; ZW163,,
95,RHOJ00000000,Lacticaseibacillus jixianensis,1,159-4; CCM 8911; NCIMB 15175,,
96,JAIPUL000000000,Lacticaseibacillus kribbianus,1,JCM 34953; KCTC 21185; YH-lac21,Add in Mar 18 2023,
97,AZEU00000000,Lacticaseibacillus manihotivorans,1,CCUG 42894; CIP 105851; DSM 13343; JCM 12514; LMG 18010; OND 32,,
98,BOLS01000000,Lacticaseibacillus mingshuiensis,1,117-1; CCM 8980; JCM 33567; NCIMB 15232,,
99,AZDJ00000000,Lacticaseibacillus nasuensis,1,CGMCC 1.10801; DSM 26653; JCM 17158; SU 18,,
100,AZFJ00000000,Lacticaseibacillus pantheris,1,A24-2-1; CGMCC 1.2826; DSM 15945; JCM 12539; LMG 21017,,
101,AZGH00000000,Lacticaseibacillus paracasei subsp. paracasei,1,ATCC 25302; CCUG 32212; CIP 103918; DSM 20008; DSM 20020; DSM 5622; IFO 15889; JCM 8130; LMG 13087; NBRC 15889; NCDO 151; NCFB 151; NCIMB 700151,,
102,AYYJ00000000,Lacticaseibacillus paracasei subsp. tolerans,1,7/74; ATCC 25599; CCUG 34829; CIP 102994; CIP 103024; DSM 20258; formerly NCDO 2742; formerly NCFB 2774; IFO 15906; JCM 1171; LMG 9191; NBRC 15906; NCDO 2774; NCFB 2774; NCIB 9709; NCIMB 9709,,
,GCA_025490915.1,Lacticaseibacillus parakribbianus,,JCM 34954; KCTC 21186; YH-lacS6,Add in Jun 17 2023.,
103,RHNS00000000,Lacticaseibacillus porcinae,1,CCUG 62266; DSM 28071; LMG 26767; R-42633,,
104,AZCQ00000000,Lacticaseibacillus rhamnosus,1,ATCC 7469; CCUG 21452; CIP A157; DSM 20021; IFO 3425; JCM 1136; LMG 6400; NBRC 3425; NCAIM B.01147; NCCB 46033; NCDO 243; NCFB 243; NCIB 6375; NCIMB 6375; NCTC 12953; NRRL B-442; VKM B-57; VKM B-574,,
105,JQCE00000000,Lacticaseibacillus saniviri,1,DSM 24301; JCM 17471; YIT 12363,,
106,AYYO00000000,Lacticaseibacillus sharpeae,1,ATCC 49974; CCUG 39466; CIP 101266; DSM 20505; JCM 1186; LMG 9214; NRRL B-14855,,
107,RHNR00000000,Lacticaseibacillus songhuajiangensis,1,7-19; CCUG 62990; DSM 28401; LMG 27191; NCIMB 14832,,
108,RHOK00000000,Lacticaseibacillus suibinensis,1,247-3; JCM 33275; NCIMB 15176,,
109,BOLV01000000,Lacticaseibacillus suilingensis,1,CCM 9110; CCTCC AB 2020299; JCM 34363; LMG 32143; ZW152,,
110,AYZK00000000,Lacticaseibacillus thailandensis,1,BCC 21235; DSM 22698; JCM 13996; MCH5-2; NRIC 671; PCU 272,,
111,RHOG00000000,Lacticaseibacillus yichunensis,1,33-1; CCM 8947; CCTCC 2018405; JCM 33272; NCIMB 15169,,
112,AZCT00000000,Lacticaseibacillus zeae,1,ATCC 15820; BCRC 17942; CCUG 35515; DSM 20178; JCM 11302; LMG 17315; NCIB 9537; NCIMB 9537,,
113,BLBG00000000,Lacticaseibacillus zhaodongensis,1,1206-1; CCM 8981; CCTCC AB 2019200; LMG 31620,,
114,AZFR01000007,Lactiplantibacillus argentoratensis,1,CCUG 50787; CIP 108320; DK0 22; DKO 22; DSM 16365; JCM 16169,,
115,BJDH00000000,Lactiplantibacillus daoliensis,1,116-1A; CCM 8934; LMG 31171; NCIMB 15181,,
116,BJDJ00000000,Lactiplantibacillus daowaiensis,1,203-3; CCM 8933; LMG 31172; NCIMB 15183,,
117,BJDK00000000,Lactiplantibacillus dongliensis,1,218-3; CCM 8932; LMG 31173; NCIMB 15184,,
118,AYGX00000000,Lactiplantibacillus fabifermentans,1,DSM 21115; LMG 24284,,
119,QWZQ00000000,Lactiplantibacillus garii,1,DSM 108249; FI11369; NCIMB 15148,,
120,LFEE00000000,Lactiplantibacillus herbarum,1,CCTCC AB 2015090; DSM 100358; TCF032-E4,,
121,BJEA00000000,Lactiplantibacillus modestisalitolerans,1,BCC 38191; NB446; NBRC 107235,,
122,BJDY01000000,Lactiplantibacillus mudanjiangensis,1,11050; CCUG 62991; DSM 28402; LMG 27194,,
123,BJDI00000000,Lactiplantibacillus nangangensis,1,381-7; CCM 8930; NCIMB 15186,,
124,AZEO00000000,Lactiplantibacillus paraplantarum,1,ATCC 700211; CCUG 35983; CIP 104668; CNRZ 1885; CST 10961; DSM 10667; JCM 12533; LMG 16673; NRRL B-23115,,
125,AZCU00000000,Lactiplantibacillus pentosus,1,ATCC 8041; CCUG 33455; CIP 103156; DSM 20314; JCM 1558; LMG 10755; NCAIM B.01727; NCCB 32014; NCDO 363; NCFB 363; NCIB 8026; NCIMB 8026; NRRL B-227; NRRL B-473,,
126,BJDG00000000,Lactiplantibacillus pingfangensis,1,382-1; CCM 8935; LMG 31176; NCIMB 15187,,
127,BJDZ00000000,Lactiplantibacillus plajomi,1,BCC 38054; NB53; NBRC 107333,,
128,AZEJ00000000,Lactiplantibacillus plantarum subsp. plantarum,1,ATCC 14917; CCUG 30503; CIP 103151; DSM 20174; IFO 15891; JCM 1149; LMG 6907; NBRC 15891; NCIB 11974; NCIMB 11974; NRRL B-4496,,
129,BJDL00000000,Lactiplantibacillus songbeiensis,1,398-2; CCM 8931; LMG 31174; NCIMB 15189,,
130,JQCL00000000,Lactiplantibacillus xiangfangensis,1,3.1.1; DSM 27103; LMG 26013; NCIMB 14687,,
131,AYZC00000000,Lactobacillus acetotolerans,1,ATCC 43578; CCUG 32229; CIP 103180; DSM 20749; JCM 3825; LMG 10751; NBI 3014,,
132,AZCS00000000,Lactobacillus acidophilus,1,ATCC 4356; CCUG 5917; CIP 76.13; DSM 20079; IFO 13951; JCM 1132; LMG 13550; LMG 9433; NBRC 13951; NCTC 12980; NRRL B-4495; VKM B-1660,,
,GCA_943193025.1,Lactobacillus agrestimuris   ,,CLA-SR-99; DSM 110155,Add in Jun 17 2023.,
133,AZEP00000000,Lactobacillus amylolyticus,1,CCUG 39901; DSM 11664; JCM 12529; LA 5; LMG 18796,,
134,AZCM00000000,Lactobacillus amylovorus,1,ATCC 33620; CCUG 27201; CIP 102989; DSM 20531; JCM 1126; LMG 9496; NCAIM B.01458; NRRL B-4540,,
135,PDKP00000000,Lactobacillus apis,1,CCM 8403; LMG 26964; R4B,,
136,NPNG00000000,Lactobacillus bombicola,1,DSM 28793; LMG 28288,,
,JAGGLU000000000,Lactobacillus colini,1,111144 L1; DSM 101872; KCTC 21086,,
137,BMAY00000000,Lactobacillus corticis,1,B 40; DSM 107967; JCM 32597,,
138,AZCW00000000,Lactobacillus crispatus,1,ATCC 33820; CCUG 30722; CIP 102990; CIPP II; DSM 20584; JCM 1185; LMG 9479; VPI 3199,,
139,JQAV00000000,Lactobacillus delbrueckii subsp. bulgaricus,1,ATCC 11842; CCUG 41390; CIP 101027; DSM 20081; IFO 13953; JCM 1002; LMG 13551; LMG 6901; NBRC 13953; NCTC 12712; VKM B-1923,,
140,AZCR00000000,Lactobacillus delbrueckii subsp. delbrueckii,1,ATCC 9649; CCUG 34222; CIP 57.8; DSM 20074; IFO 3202; JCM 1012; LMG 6412; NBRC 3202; NCDO 213; NCFB 213; NCIB 8130; NCIMB 8130; NRRL B-763; VKM B-1596,,
141,AZFL00000000,Lactobacillus delbrueckii subsp. indicus,1,CCUG 51390; DSM 15996; JCM 15610; LMG 22083; NCC 725,,
142,JQCG00000000,Lactobacillus delbrueckii subsp. jakobsenii,1,DSM 26046; LMG 27067; ZN7a-9,,
143,AZDE00000000,Lactobacillus delbrueckii subsp. lactis,1,ATCC 12315; CCUG 31454; CIP 101028; DSM 20072; JCM 1248; LMG 7942; NBRC 102622; NRRL B-4525,,
144,CP018217,Lactobacillus delbrueckii subsp. sunkii,1,DSM 24966; JCM 17838; YIT 11221,,
145,AZDU00000000,Lactobacillus equicursoris,1,DI70; DSM 19284; JCM 14600,,
146,AZEL00000000,Lactobacillus gallinarum,1,ATCC 33199; CCUG 30724; CIP 103611; DSM 10532; JCM 2011; LMG 9435; VPI 1294,,
147,NC_008530,Lactobacillus gasseri,1,ATCC 33323; CCUG 31451; CIP 102991; DSM 20243; JCM 1131; LMG 9203; NRRL B-14168; NRRL B-4240,,
148,AYZO00000000,Lactobacillus gigeriorum,1,202; CRBIP 24.85; DSM 23908; LEM 202,,
149,AZGI00000000,Lactobacillus hamsteri,1,ATCC 43851; CCUG 30726; CIP 103365; DSM 5661; Ha5F1; JCM 6256; LMG 10754,,
150,JXJR00000000,Lactobacillus helsingborgensis,1,Bma5N; CCUG 63301; DSM 26265,,
151,AZEK00000000,Lactobacillus helveticus,1,ATCC 15009; CCUG 30139; CIP 103146; DSM 20075; IFO 15019; JCM 1120; LMG 13555; LMG 6413; NBIMCC 1011; NBRC 15019; NRRL B-4526,,
152,AYZP00000000,Lactobacillus hominis,1,61D; CRBIP 24.179; DSM 23910,,
153,BPPA00000000,Lactobacillus huangpiensis,1,CCTCC AB 2020300; F306-1; JCM 34361; LMG 32144,,
154,AZET00000000,Lactobacillus iners,1,CCUG 28746; CIP 105923; DSM 13335; JCM 12513; LMG 18914,,
155,AZGN00000000,Lactobacillus intestinalis,1,ATCC 49335; CCUG 30727; CIP 104793; DSM 6629; JCM 7548; LMG 14196; Th4,,
156,AYYU00000000,Lactobacillus jensenii,1,ATCC 25258; CCUG 21961; CCUG 35572; CIP 69.17; DSM 20557; JCM 1146; JCM 15953; LMG 6414; NBIMCC 3701; NRRL B-4550,,
157,AZCY00000000,Lactobacillus johnsonii,1,ATCC 33200; CCUG 30725; CIP 103620; DSM 10533; JCM 2012; NBIMCC 9067; VPI 7960,,
158,AZFM00000000,Lactobacillus kalixensis,1,CCUG 48459; DSM 16043; JCM 15954; Kx127A2; LMG 22115,,
159,AZGG00000000,Lactobacillus kefiranofaciens subsp. kefiranofaciens,1,To check - Myabe the species is incorrect now.,To check - Myabe the species is incorrect now.,
160,AZEM00000000,Lactobacillus kefiranofaciens subsp. kefirgranum,1,ATCC 51647; CCUG 39467; CCUG 49353; CIP 104241; DSM 10550; GCL 1701; JCM 8572; LMG 15132,,
161,JXLH00000000,Lactobacillus kimbladii,1,CCUG 63633; DSM 26263; Hma2N,,
162,AZFU00000000,Lactobacillus kitasatonis,1,DSM 16761; JCM 1039; KCTC 3155,,
163,JXBY00000000,Lactobacillus kullabergensis,1,Biut2N; CCUG 63631; DSM 26262,,
164,BPPB00000000,Lactobacillus laiwuensis,1,CCTCC AB 2021027; F551-2; JCM 34502,,
165,JXLI00000000,Lactobacillus melliventris,1,CCUG 63629; DSM 26256; Hma8N,,
166,SDGL00000000,Lactobacillus mulieris,1,c10Ua161M; CECT 9755; DSM 108704,,
167,ASM1658777,Lactobacillus nasalidis,1,DSM 110539; JCM 33769; YZ01,,
168,NPNH01000000,Lactobacillus panisapium,1,ACCC 19955; Bb 2-3; DSM 102188,,
169,AP018549,Lactobacillus paragasseri,1,ATCC 4963; JCM 5343; KCTC 3172; LMG 11478; NCFB 1375; NCIB 8931; NCIMB 8931; VPI 0334,,
170,AYZN00000000,Lactobacillus pasteurii,1,1517; CRBIP 24.76; DSM 23907,,
171,VUMX00000000,Lactobacillus porci,1,KCTC 21090; NBRC 112917; SG 816,To check. I am not sure if there is any type strain for this species. Only three genoems available.,
172,AZFB00000000,Lactobacillus psittaci,1,CCUG 42378; CIP 106492; DSM 15354; JCM 11552,,
173,BFBY00000000,Lactobacillus rodentium,1,CCM 7945; DSM 24759; MYMRS/TLU1,,
174,AYZG00000000,Lactobacillus taiwanensis,1,BCRC 17755; DSM 21401; FIRDI 6,,
175,AZFO00000000,Lactobacillus ultunensis,1,CCUG 48460; DSM 16047; JCM 16177; Kx146C1; LMG 22117,,
176,RXIA00000000,Lactobacillus xujianguonis,1,CGMCC 1.13855; HT111-2; KCTC 15803,,
178,RHOV00000000,Lapidilactobacillus achengensis,1,247-4; CCM 8897; CCTCC AB 2018410; LMG 31059; NCIMB 15155,,
179,RHOX00000000,Lapidilactobacillus bayanensis,1,54-5; CCM 8894; NCIMB 15151,,
180,AZFX00000000,Lapidilactobacillus concavus,1,C-5-1; CGMCC 1.5017; DSM 17758; JCM 14153; LMG 22739,,
181,AYYK00000000,Lapidilactobacillus dextrinicus,1,ATCC 33087; CCUG 18834; CIP 103407; DSM 20335; JCM 5887; LMG 11485; NCIMB 701561; VKM B-1603,,
182,RHOT00000000,Lapidilactobacillus gannanensis,1,143-1; CCM 8937; CCTCC AB 2018409; NCIMB 15157,,
183,BROC00000000,Lapidilactobacillus luobeiensis,1,30-1(2); CCM 9240; CCTCC AB 2022114; JCM 35553,Add in Mar 18 2023,
184,RHOW00000000,Lapidilactobacillus mulanensis,1,143-6; CCM 8951; CCTCC AB 2018411; JCM 33274; NCIMB 15162,,
185,RHOU00000000,Lapidilactobacillus wuchangensis,1,17-4; CCM 8946; CCTCC AB 2018406; JCM 33271; NCIMB 15161,,
186,AZDL00000000,Latilactobacillus curvatus,1,"ATCC 25601; CCUG 30669; CIP 102992; DSM 20019; IFO 15884; JCM 1096; LMG 13553; LMG 9198; NBIMCC 3452; NBRC 15884; NRRL B-4562
",,
187,GCF_905332535.1,Latilactobacillus fragifolii,1,AMBP162; CECT 30357; LMG 32285,"Add in Mar 18 2023. But the ACC in Michael's file is for 16S rRNA, not whole genome. It's correced here.",
188,AZEX00000000,Latilactobacillus fuchuensis,1,B5M10; CCUG 47133; DSM 14340; JCM 11249,,
189,AYZB00000000,Latilactobacillus graminis,1,ATCC 51150; CCUG 32238; CIP 105164; DSM 20719; G90; G90(1); JCM 9503; LMG 9825; NRRL B-14857,,
190,AZFG00000000,Latilactobacillus sakei subsp. carnosus,1,CCUG 31331; CIP 105422; JCM 11031; LMG 17302; R 14b/a,To check. I am not sure if it's the type strain genome.,
191,AZDN00000000,Latilactobacillus sakei subsp. sakei,1,To check. There is no this speceis. ,To check. There is no this speceis. ,
192,AZDM00000000,Lentilactobacillus buchneri subsp. buchneri,1,To check. There is no this speceis. ,To check. There is no this speceis. ,
193,BJOS01000000,Lentilactobacillus buchneri subsp. silagei,1,DSM 107969; JCM 32599; SG 162,,
194,CP018906,Lentilactobacillus curieae,1,CCTCC M 2011381; JCM 18524; S1L19,,
195,AZEY00000000,Lentilactobacillus diolivorans,1,DSM 14421; JCM 12183; JKD6; LMG 19667,,
196,AZFY00000000,Lentilactobacillus farraginis,1,DSM 18382; JCM 14108; NRIC 676,,
197,BNJR01000000,Lentilactobacillus fungorum,1,DSM 107968; JCM 32598; YK48G,,
198,AZDF00000000,Lentilactobacillus hilgardii,1,ATCC 8290; CCUG 30140; CIP 103007; DSM 20176; IFO 15886; JCM 1155; LMG 6895; NBIMCC 3445; NBRC 15886; NRRL B-1843,,
199,AYYV00000000,Lentilactobacillus kefiri,1,ATCC 35411; CCUG 30673; CIP 103006; DSM 20587; IFO 15888; JCM 5818; LMG 9480; NBRC 15888,,
200,AZEB00000000,Lentilactobacillus kisonensis,1,DSM 19906; JCM 15041; NRIC 74; NRIC 741; YIT 11168,,
201,BEXA00000000,Lentilactobacillus kosonis,1,BCRC 81282; C06_No.73; NBRC 111893,,
202,JABEQQ00000000,Lentilactobacillus kribbianus,1,JCM 33997; KCTC 25005; YH-lac9,,
203,CP085278,Lentilactobacillus laojiaonis,1,CGMCC 1.18832; IM3328; JCM 34630,,
204,AZED00000000,Lentilactobacillus otakiensis,1,DSM 19908; JCM 15040; NRIC 742; YIT 11163,,
205,AZGK00000000,Lentilactobacillus parabuchneri,1,6E; ATCC 49374; CCUG 32261; CIP 103368; DSM 5707; JCM 12493; LMG 11457; NCDO 2748; NCFB 2748; NCIB 8838; NCIMB 8838,,
206,AZFZ00000000,Lentilactobacillus parafarraginis,1,DSM 18390; JCM 14109; NRIC 677,,
207,AZEN00000000,Lentilactobacillus parakefiri,1,ATCC 51648; CCUG 39468; CIP 104242; DSM 10551; GCL 1731; IFO 15890; JCM 8573; LMG 15133; NBRC 15890,,
208,OVSN00000000,Lentilactobacillus raoultii,1,CCUG 71848; CSUR P4006; LMG 31598; Marseille P4006,,
209,JAHOPG000000000,Lentilactobacillus rapi subsp. dabitei,1,GDMCC 1.2566; IMAU80584; JCM 34647,,
210,AZEI00000000,Lentilactobacillus rapi subsp. rapi,1,To check. Maybe there is no this species.,To check. Maybe there is no this species.,
211,AYZR00000000,Lentilactobacillus senioris,1,DSM 24302; JCM 17472; YIT 12364,,
212,AZEA00000000,Lentilactobacillus sunkii,1,DSM 19904; JCM 15039; NRIC 744; YIT 11161,,
213,GCA_014207505.1,Leuconostoc carnosum,1,ATCC 49367; CCUG 30059; CIP 103319; DSM 5576; JCM 9695; LMG 11498; NCFB 2776; NCIMB 12898; SML 40,"Updated on Jul 25, 2023. The old ACC leads to JB 16.",
214,GCA_004354555.1,Leuconostoc citreum,1,ATCC 49370; CCUG 30060; CIP 103315; DSM 5577; JCM 9698; LMG 9849; NCDO 1837; NCFB 1837; NCIMB 13121,"Updated on Jul 25, 2023. The old ACC leads to KM20.",
215,BMBS01000000,Leuconostoc falkenbergense,1,CCUG 27119; LMG 10779,Corrected. the species name was incorrect previously but I didn't find out.,
216,GCA_004354645.1,Leuconostoc fallax,1,ATCC 700006; CCUG 30061; CIP 104855; DSM 20189; JCM 9694; LMG 13177,"Updated on Jul 25, 2023. The old ACC leads to KCTC 3537.",
217,FN822744,Leuconostoc gelidum subsp. gasicomitatum,1,CCUG 46042; CECT 5767; DSM 15947; JCM 12535; LMG 18811; NBRC 113245; TB 1-10,,
218,AEMI00000000,Leuconostoc gelidum subsp. gelidum,1,,To check. Maybe there is no this species.,
219,JAAXPO000000000,Leuconostoc holzapfelii,1,CCUG 54536; DSM 21478; JCM 16942; LMG 23990,,
220,AEMJ00000000,Leuconostoc inhae,1,DSM 15101; IH003; KCTC 3774,,
221,CP014611,Leuconostoc mesenteroides subsp. Jonggajibkimchii,1,DRC1506; JCM 31787; KCCM 43249,"Corrected. It should be Leuconostoc mesenteroides subsp. Jonggajibkimchii, not Leuconostoc jonggajibkimchii",
222,GCA_000092505.1,Leuconostoc kimchii,1,IH25; IMSNU 11154; KCTC 2386,"Updated on Jul 25, 2023. The old Acc leads to a plasmid…..",
223,GCA_014651235.1,Leuconostoc lactis,1,ATCC 19256; CCUG 30064; CIP 102422; DSM 20202; HAMBI 2346; JCM 6123; LMG 8894; NBIMCC 9089; NCDO 533; NCFB 533; NCIMB 13091; NRRL B-3468,"Updated on Jul 25, 2023. The old Acc leads to KCTC 3773.",
224,SDGY00000000,Leuconostoc litchii,1,BCRC 81077; MB7; NBRC 113542,,
225,ACKV00000000,Leuconostoc mesenteroides subsp. cremoris,1,ATCC 19254; CCUG 21965; CIP 103009; DSM 20346; JCM 16943; LMG 6909; NBIMCC 9090; NCDO 543; NCIB 12008; NCIMB 12008; NRRL B-3252; VKM B-1420,,
226,CP012009,Leuconostoc mesenteroides subsp. dextranicum,1,ATCC 19255; CCUG 21966; CCUG 30065; CIP 102423; DSM 20484; JCM 9700; LMG 6908; NBIMCC 1397; NBRC 100495; NCAIM B.01658; NCDO 529; NCIB 12007; NCIMB 12007; NRRL B-3469; VKM B-1225,,
227,BPKY00000000,Leuconostoc miyukkimchii,1,DSM 25624; JCM 17445; KACC 15353; M2,,
228,BPKZ00000000,Leuconostoc palmae,1,DSM 21144; JCM 16944; LMG 24510; TMW 2.694,,
229,GCA_029823355.1,Leuconostoc pseudomesenteroides,1,ATCC 12291; CCUG 30063; CIP 103316; DSM 20193; JCM 9696; LMG 11482; NCCB 83005; NCDO 768; NCFB 768; NCIB 8699; NCIMB 8699,"Updated on Jul 25, 2023. The old Acc leads to 4882.",
230,GCA_016908715,Leuconostoc rapi,1,DSM 27776; LMG 27676; MHB 277; R-50029,,
231,CP015247,Leuconostoc suionicum,1,ATCC 9135; DSM 20241; LMG 8159; NBIMCC 8971; NCIMB 6992,,
232,AZDV00000000,Levilactobacillus acidifarinae,1,CCM 7240; CCUG 50162; DSM 19394; JCM 15949; LMG 22200; R-19065,,
233,BOLP00000000,Levilactobacillus andaensis,1, 866-3; CCTCC AB 2019383; JCM 33863,,
234,RHOB00000000,Levilactobacillus angrenensis,1,CCM 8893; CCTCC AB 2018402; LMG 31046; M1530-1; NCIMB 15150,,
235,QCXQ00000000,Levilactobacillus bambusae,1,BCRC 80970; BS-W1; NBRC 112377,,
236,AZCP00000000,Levilactobacillus brevis,1,14 Bb14T; Bb14; CCUG 30670; CIP 102806; DSM 20054; JCM 1059; LMG 6906; LMG 7944; NBIMCC 3448; NRRL B-4527,,
237,RHNN00000000,Levilactobacillus cerevisiae,1,DSM 100836; LMG 29073; TUM BP 140423000-2250,,
238,SULH00000000,Levilactobacillus enshiensis,1,GDMCC 1.1664; HBUAS57009; KACC 21424,Corrected. the species name was incorrect previously but I didn't find out.,
239,RHNX00000000,Levilactobacillus fujinensis,1,218-6; CCM 8908; KCTC 21134; LMG 31067; NCIMB 15171,,
240,RHNZ00000000,Levilactobacillus fuyuanensis,1,244-4; CCM 8906; KCTC 21137; LMG 31052; NCIMB 15168,,
241,AZFS00000000,Levilactobacillus hammesii,1,CCUG 51325; CIP 108387; DSM 16381; JCM 16170; LP38; TMW 1.1236,,
242,RHOC00000000,Levilactobacillus huananensis,1,151-2B; CCM 8913; KCTC 21129; LMG 31063; NCIMB 15164,,
243,BROB00000000,Levilactobacillus humaensis,1,213-9(3); CCM 9241; CCTCC AB 2022115; JCM 35554,Add in Mar 18 2023,
244,AZDP00000000,Levilactobacillus koreensis,1,DCY 50; DSM 27983; JCM 16448; KCTC 13530,,
245,BOLN01000000,Levilactobacillus lanxiensis,1,13B17; CCM 8979; CCTCC AB 2019167; JCM 33565; NCIMB 15230,,
246,RHOD00000000,Levilactobacillus lindianensis,1,220-4; CCM 8902; KCTC 21136; NCIMB 15163,,
247,RHNW00000000,Levilactobacillus mulengensis,1,112-3; CCM 8909; KCTC 21123; LMG 31049; NCIMB 15174,,
248,AZDT00000000,Levilactobacillus namurensis,1,CCUG 52843; DSM 19117; JCM 15612; LMG 23583,,
249,AZCZ00000000,Levilactobacillus parabrevis,1,ATCC 53295; LMG 11984,,
250,JQCA00000000,Levilactobacillus paucivorans,1,DSM 22467; JCM 18045; LMG 25291; TMW 1.1424,,
251,AYZH00000000,Levilactobacillus senmaizukei,1,DSM 21775; L13; NBRC 103853; TISTR 1847,,
252,AZFC00000000,Levilactobacillus spicheri,1,DSM 15429; JCM 15956; LMG 21871; LTH 5753,,
253,QXIL00000000,Levilactobacillus suantsaii,1,BCRC 12945; L88; NBRC 113535,,
254,RKLX00000000,Levilactobacillus suantsaiihabitans,1,BCRC 81129; NBRC 113532; R19,,
255,RHOA00000000,Levilactobacillus tangyuanensis,1,137-3; CCM 8907; KCTC 21125; LMG 31053; NCIMB 15170,,
256,RHNY00000000,Levilactobacillus tongjiangensis,1,218-10; CCM 8905; KCTC 21135; LMG 31055; NCIMB 15167,,
257,,Levilactobacillus tujiorum,1,GDMCC 1.3022; HBUAS57009T; JCM 35241,"Updated on Jul 26, 2023. The old Acc leads to HBUAS51241S5009T. There is no acc. For HBSU. Add in Mar 18 2023",
258,BOLM01000000,Levilactobacillus wangkuiensis,1,6-5(1); CCM 8977; CCTCC AB 2019168; JCM 33564; NCIMB 15229,,
259,RHNO00000000,Levilactobacillus yonginensis,1,DSM 29216; JCM 18023; KACC 16236; THK-V8,,
260,AZDW00000000,Levilactobacillus zymae,1,CCM 7241; CCUG 50163; DSM 19395; JCM 15957; LMG 22198; R-18615,,
261,AZFI00000000,Ligilactobacillus acidipiscis,1,CCUG 46556; CIP 106750; FS60-1; HSCC 1411; JCM 10692; NBRC 102163; NRIC 300; PCU 207; TISTR 1386; DSM 15836,,
262,AYYP00000000,Ligilactobacillus agilis,1,CCUG 31450; CIP 101264; DSM 20509; JCM 1187; LMG 9186; NRRL B-14856,,
263,AYYW00000000,Ligilactobacillus animalis,1,1535; ATCC 35046; CCUG 33906; CIP 103152; DSM 20602; IFO 15882; JCM 5670; LMG 9843; NBRC 15882; NCDO 2425; NCFB 2425; NCIMB 13278; NRRL B-14176,,
264,AZFT00000000,Ligilactobacillus apodemi,1,ASB1; CIP 108913; DSM 16634; JCM 16172,,
265,AYYZ00000000,Ligilactobacillus araffinosus,1,ATCC 43235; CCUG 32231; CIP 103145; DSM 20653; JCM 5667; Strain ML2,,
266,AYZA00000000,Ligilactobacillus aviarius,1,ATCC 43234; CCUG 32230; CIP 103144; DSM 20655; JCM 5666; LMG 10753; NBRC 102162; Strain 75,,
267,JQBZ00000000,Ligilactobacillus ceti,1,142-2; CCUG 53626; CECT 7185; DSM 22408; JCM 15609,,
268,AZFH00000000,Ligilactobacillus equi,1,ATCC BAA-261; CCUG 47129; DSM 15833; JCM 10991; YIT 455,,
269,AZGD00000000,Ligilactobacillus hayakitensis,1,DSM 18933; JCM 14209; KBL13,,
270,AYYN00000000,Ligilactobacillus murinus,1,313; ATCC 35020; CCUG 33904; CIP 104818; CNRZ 220; DSM 20452; IFO 14221; JCM 1717; LMG 14189; NBIMCC 9068; NBRC 14221,,
271,GCF_022836475.1,Ligilactobacillus pabuli,1,AF129; BCRC 81335; JCM 34518; MAFF 518002,Add in Mar 18 2023. ACC that Michael gave is for each scaffold not the whole genome. ,
272,JQCN00000000,Ligilactobacillus pobuzihii,1,DSM 28122; E100301; JCM 18084; KCTC 13174; NBRC 103219; RIFY 6501,,
273,AYYL00000000,Ligilactobacillus ruminis,1,ATCC 27780; CCUG 39465; CIP 103153; DSM 20403; JCM 1152; LMG 10756; NBRC 102161; NRRL B-14853,,
274,AZFP00000000,Ligilactobacillus saerimneri,1,CCUG 48462; DSM 16049; GDA154; JCM 15955; LMG 22087,,
275,BFFP01000000,Ligilactobacillus salitolerans,1,DSM 103433; JCM 31331; MAFF 516399; YK43,,
276,AYYT00000000,Ligilactobacillus salivarius,1,CCUG 31453; CIP 103140; DSM 20555; H066T; HAMBI 78; HAMBI 87; JCM 1231; LMG 9477; NBIMCC 1589; NRRL B-1949,,
277,ASM1414558,Limosilactobacillus agrestis,1,DSM 110569; LMG 31629; WF-MT5-A,,
278,ASM1414555,Limosilactobacillus albertensis,1,DSM 110573; LMG 31632; Lr3000,,
279,,Limosilactobacillus alvi,1,JCM 17644; KCCM 90099; LMG 31569; R54,To check. Maybe the genome of type strain was no updated to NCBI. Add in Mar 18 2023. ,
280,AZDK00000000,Limosilactobacillus antri,1,CCUG 48456; DSM 16041; JCM 15950; Kx146A4; LMG 22111,,
281,ASM1414561,Limosilactobacillus balticus,1,BG-AF3-A; DSM 110574; LMG 31633,,
282,BMDS00000000,Limosilactobacillus caviae,1,CCM 8609; DSM 100239; LMG 28780; MOZM2,Add in Mar 18 2023,
283,AZEW00000000,Limosilactobacillus coleohominis,1,CCUG 44007; CIP 106820; DSM 14060; JCM 11550,,
284,AZGC00000000,Limosilactobacillus equigenerosi,1,DSM 18793; JCM 14505; NRIC 697,,
285,ASM1414550,Limosilactobacillus fastidiosus,1,DSM 110576; LMG 31630; WF-MO7-1,,
286,GCA_013394085.1,Limosilactobacillus fermentum,1,ATCC 14931; CCUG 30138; CIP 102980; DSM 20052; IFO 15885; JCM 1173; LMG 6902; NBIMCC 9086; NBRC 15885; NCCB 46038; NCDO 1750; NCFB 1750; NCIB 11840; NCIMB 11840; NRRL B-4524,"Updated on July 26, 2023. The old acc leads to DSM20055.",
287,AZER00000000,Limosilactobacillus frumenti,1,CIP 106922; DSM 13145; JCM 11122; LMG 19473; TMW 1.666,,
288,AZFN00000000,Limosilactobacillus gastricus,1,CCUG 48454; DSM 16045; JCM 15952; Kx156A7; LMG 22113,,
289,BCAH00000000,Limosilactobacillus gorillae,1,DSM 28356; JCM 19575; KZ01,,
290,AZFK00000000,Limosilactobacillus ingluviei,1,CCUG 45722; JCM 12531; KR3; LMG 20380; DSM 15946,,
291,AZEQ00000000,Limosilactobacillus mucosae,1,CCUG 43179; CIP 106485; DSM 13345; JCM 12515; S32,,
292,OEPY00000000,Limosilactobacillus not validly described,1,,To check. Delete this?,
293,AZGE00000000,Limosilactobacillus oris,1,5A1; 5A1 of Hayward; ATCC 49062; CCUG 37396; CIP 103255; CIP 105162; DSM 4864; JCM 11028; JCM 7507; LMG 9848; NCDO 2160; NCFB 2160; NCIB 8831; NCIMB 8831,,
294,AZGM00000000,Limosilactobacillus panis,1,CCUG 37482; DSM 6035; JCM 11053,,
295,AZGO00000000,Limosilactobacillus pontis,1,ATCC 51518; CCUG 33456; CIP 104232; DSM 8475; JCM 11051; LMG 14187; LTH 2587,,
296,JABUXQ00000000,Limosilactobacillus portuensis,1,c11Ua_112_M; CECT 30145; LMG 31898,,
297,AZDD00000000,Limosilactobacillus reuteri,1,ATCC 23272; CCUG 33624; CIP 101887; DSM 20016; F 275; IFO 15892; JCM 1112; LMG 13557; LMG 9213; NBIMCC 9069; NBRC 15892; NRRL B-14171,,
298,ASM1414544,Limosilactobacillus reuteri subsp. kinnaridis,1,AP3; DSM 110703; LMG 31724,,
299,GCA_000179455.1,Limosilactobacillus reuteri subsp. murium,1,DSM 110570; LMG 31634; lpuph1,"Updated on July 26, 2023. The old ACC leads to a protein.",
300,,Limosilactobacillus reuteri subsp. porcinus,1,3c6; DSM 110571; LMG 31635,To check. The old ACC leads to nothing. Perhaps this species does not exist anymore.,
301,"	GCA_000168255.1",Limosilactobacillus reuteri subsp. rodentium,1,100-23; CIP 109821; DSM 17509,"Updated on July 26, 2023. The old ACC leads to a protein.",
302,ASM23645,Limosilactobacillus reuteri subsp. suis,1,1063; ATCC 53608; LMG 31752,"Updated on July 26, 2023. The old ACC leads to a protein.",
303,ASM1414545,Limosilactobacillus rudii,1,DSM 110572; LMG 31631; STM 31,,
304,JQBW00000000,Limosilactobacillus secaliphilus,1,CCUG 53218; DSM 17896; JCM 15613; TMW 1.1309,,
305,JABUXR00000000,Limosilactobacillus urinaemulieris,1,c9Ua_26_M; CECT 30144; LMG 31899,Corrected. the species name was incorrect previously but I didn't find out.,
306,AZGL00000000,Limosilactobacillus vaginalis,1,ATCC 49540; CCUG 31452; CIP 105932; DSM 5837; JCM 9505; LMG 12891; NCTC 12197,,
307,AYZD00000000,Liquorilactobacillus aquaticus,1,CECT 7355; DSM 21051; IMCC 1736; JCM 16869,,
308,AYZE00000000,Liquorilactobacillus cacaonum,1,DSM 21116; LMG 24285,,
309,AZEF00000000,Liquorilactobacillus capillatus,1,BCRC 17811; DSM 19910; JCM 15044; YIT 11306,,
310,AZGB00000000,Liquorilactobacillus ghanensis,1,CCUG 53453; DSM 18630; JCM 15611; L489,,
311,AZDX00000000,Liquorilactobacillus hordei,1,DSM 19519; JCM 16179; LMG 24241; UCC128,,
312,AYYH00000000,Liquorilactobacillus mali,1,ATCC 27053; CCUG 30141; CCUG 32228; CIP 103142; DSM 20444; JCM 1116; LMG 6899; NBRC 102159; NCIB 10560; NCIMB 10560; NRRL B-4563; VKM B-1600,,
313,AZEV00000000,Liquorilactobacillus nagelii,1,ATCC 700692; CCUG 43575; DSM 13675; JCM 12492; LuE10,,
314,AZEH00000000,Liquorilactobacillus oeni,1,59b; CECT 7334; DSM 19972; JCM 18036,,
315,AZFQ00000000,Liquorilactobacillus satsumensis,1,DSM 16230; JCM 12392; NRIC 604,,
316,AYZF00000000,Liquorilactobacillus sucicola,1,DSM 21376; JCM 15457; NRIC 736,,
317,AZEG00000000,Liquorilactobacillus uvarum,1, 8; CECT 7335; DSM 19971; JCM 16870; Lb8,,
318,AYYX00000000,Liquorilactobacillus vini,1,CECT 5924; DSM 20605; JCM 14280; Mont 4,,
319,RHNQ00000000,Loigolactobacillus backii,1,DSM 18080; JCM 18665; L1062; LMG 23555,,
320,AZDA00000000,Loigolactobacillus bifermentans,1,ATCC 35409; CCUG 32234; CIP 102811; DSM 20003; JCM 1094; LMG 9845,,
321,BJDN00000000,Loigolactobacillus binensis,1,735-2; CCM 8925; LMG 31186; NCIMB 15190,,
322,AZCN00000000,Loigolactobacillus coryniformis subsp. coryniformis,1,,To check. Didn't find the type strain info. On LPCN.,
323,AZDC00000000,Loigolactobacillus coryniformis subsp. torquens,1,ATCC 25600; CCUG 30667; CIP 103134; DSM 20004; JCM 1166; LMG 9197; NRRL B-4390,"KEEP. don't have this species in NCBI but is in Michael's database, so keep.",
324,RHNP00000000,Loigolactobacillus iwatensis,1,DSM 26942; IWT246; JCM 18838,,
325,RHOF00000000,Loigolactobacillus jiayinensis,1,257-1; CCM 8904; LMG 31065; NCIMB 15166,,
326,AYYI00000000,Loigolactobacillus rennini,1,CECT 5922; DSM 20253; JCM 14279,,
327,RHOE00000000,Loigolactobacillus zhaoyuanensis,1,187-3; CCM 8910; NCIMB 15172,,
328,AXCV00000000,Oenococcus alcoholitolerans,1,CBAS 474; LMG 27599; UFRJ-M7.2.18,,
329,AFVZ00000000,Oenococcus kitaharae,1,DSM 17330; JCM 13282; NRIC 645,,
330,"GCA_000372485.1	",Oenococcus oeni,1,ATCC 23279; CCUG 30199; CCUG 32250; CIP 106144; DSM 20252; JCM 6125; LMG 9851; NBRC 100497; NCDO 1674; NCFB 1674; NCIMB 11648; NRRL B-3472,"Updated on July 26, 2023. The old ACC leads to strain PSU-1.",
331,CP029684,Oenococcus sicerae,1,CIRM-BIA 2288; DSM 107163; UCMA 15228,,
332,JQAZ00000000,Paralactobacillus selangorensis,1,ATCC BAA-66; CCUG 43347; CIP 106482; DSM 13344; LMG 17710,"To check. The ACC is Lactobacillus selangorensis in NCBI. But from the tree, its not Lactobacillus.",
333,JQCH00000000,Paucilactobacillus hokkaidonensis,1,DSM 26202; JCM 18461; LOOC260,,
334,BJDM00000000,Paucilactobacillus kaifaensis,1,778-3; CCM 8929; LMG 31177; NCIMB 15191,,
335,BJEB00000000,Paucilactobacillus nenjiangensis,1,11102; LMG 27192; NCIMB 14833,,
336,AZFE00000000,Paucilactobacillus oligofermentans,1,AMKR18; CCUG 52263; DSM 15707; JCM 16175; LMG 22743,,
337,AZGF00000000,Paucilactobacillus suebicus,1,ATCC 49375; CCUG 32233; CIP 103411; DSM 5007; I; JCM 9504; KCTC 3549; LMG 11408; WC-t4-15,,
338,AYYY00000000,Paucilactobacillus vaccinostercus,1,ATCC 33310; CCUG 30723; CIP 102807; DSM 20634; JCM 1716; LMG 9215; NCIB 11808; NCIMB 11808; NRIC 1075; TUA 055B; X-94,,
339,AWTT00000000,Paucilactobacillus wasatchensis,1,DSM 29958; LMG 28678; WDC04,,
340,JQAQ00000000,Pediococcus acidilactici,1,B213c; Back S213C; CCUG 32235; CIP 103408; DSM 20284; LMG 11384; NCFB 2767; NCIMB 12174; AS1.2696,,
341,JQCQ00000000,Pediococcus argentinicus,1,CCUG 54535; CRL 776; DSM 23026; LMG 23999,,
342,JQBR00000000,Pediococcus cellicola,1,CGMCC 1.3787; DSM 17757; JCM 14152; LMG 22956; Z-8,,
343,JQBB00000000,Pediococcus claussenii,1,ATCC BAA-344; DSM 14800; P06,,
344,JQBD00000000,Pediococcus damnosus,1,ATCC 29358; Be.1; CCUG 32251; CIP 102264; DSM 20331; JCM 5886; LMG 11484; NBIMCC 8757; NCDO 1832; NCFB 1832; NCIB 12010; NCIMB 12010; VKM B-1602,,
345,JQBY00000000,Pediococcus ethanolidurans,1,CGMCC 1.3889; DSM 22301; LMG 23354; Z-9,,
346,JQBC00000000,Pediococcus inopinatus,1,ATCC 49902; CCUG 38496; CIP 102406; DSM 20285; JCM 12518; LMG 11409,,
347,BJWE00000000,Pediococcus parvulus,1,ATCC 19371; CCUG 28439; CIP 102262; DSM 20332; JCM 5889; LMG 11486; NBRC 100673; NCDO 1634; NCFB 1634; NCIB 9447; NCIMB 9447; VKM B-1604,,
348,JQBF00000000,Pediococcus pentosaceus,1,ATCC 33316; CCUG 32205; CIP 102260; DSM 20336; JCM 5890; LMG 11488; NBIMCC 8870; NCDO 990; NCFB 990; NCIB 12012; NCIMB 12012; NCTC 12956,,
349,JQBX00000000,Pediococcus stilesii,1,BFE 1652; CCUG 51290; DSM 18001; FAIR-E 180; LMG 23082,,
350,NZ_JAFBDN000000000.1,Periweissella beninensis,1,2L24P13; DSM 22752; JCM 18047; LMG 25373,To check. Perhaps the ACC need to be udpated.,
351,CP037940,Periweissella cryptocerci,1,26KH-42; KACC 18423; NBRC 113066,,
352,JAAXPN000000000,Periweissella fabalis,1,CCUG 61217; CCUG 61472; DSM 28407; LMG 26217; M75,,
353,GCA_918814575.1,Periweissella fabaria,1,257; DSM 21416; LMG 24289,"Updated on July 26, 2023. The old ACC is not a number. Inapporiate label.",
354,GCA_918814755.1,Periweissella ghanensis,1,215; DSM 19935; LMG 24286,"Updated on July 26, 2023. The old ACC is not a number. Inapporiate label.",
355,JAAXLJ000000000,Secundilactobacillus angelensis,1,GDMCC 1.3021; HBUAS51383; JCM 35209,Add in Mar 18 2023,
356,AZFW00000000,Schleiferilactobacillus harbinensis,1,AHU 1762; DSM 16991; JCM 16178; NBRC 100982; SBT 10908,,
357,AZEC00000000,Schleiferilactobacillus perolens,1,DSM 12744; JCM 12534; L 532; L 533T; LMG 18936,,
358,AVAA00000000,Schleiferilactobacillus shenzhenensis,1,CCTCC M 2011481; DSM 28193; KACC 16878; LY 73,,
359,AYYR00000000,Secundilactobacillus collinoides,1,ATCC 27612; CCUG 32259; CIP 103008; DSM 20515; JCM 1123; LMG 9194,,
360,WNJO00000000,Secundilactobacillus folii,1,CRM56-3; JCM 34223; LMG 31663; TISTR 2851,,
361,BJDO00000000,Secundilactobacillus hailunensis,1,887-11; CCM 8950; CCTCC AB 2018396; JCM 33864; NCIMB 15201,,
362,AZCX00000000,Secundilactobacillus kimchicus,1,DCY 51; JCM 15530; KCTC 12976,,
363,AZGJ00000000,Secundilactobacillus malefermentans,1,CCUG 32206; CIP 103367; DSM 5705; IFO 15905; JCM 12497; LMG 11455; NBRC 15905; NCDO 1410; NCFB 1410; NCIMB 701410; Strain D2 MF1,,
364,BCMF00000000,Secundilactobacillus mixtipabuli,1,DSM 28580; IWT30; JCM 19805,,
365,AZEE00000000,Secundilactobacillus odoratitofui,1,BCRC 17810; DSM 19909; JCM 15043; YIT 11304,,
366,BBJM00000000,Secundilactobacillus oryzae,1,DSM 26518; JCM 18671; SG 293,,
367,AZFD00000000,Secundilactobacillus paracollinoides,1,DSM 15502; JCM 11969; LA2,,
368,BCMI00000000,Secundilactobacillus pentosiphilus,1,DSM 102974; IWT25; JCM 31145; MAFF 516360,,
369,BCMG00000000,Secundilactobacillus silagei,1,DSM 27022; IWT126; JCM 19001,,
370,BCMJ00000000,Secundilactobacillus silagincola,1,DSM 102973; IWT5; JCM 31144; MAFF 516359,,
371,AYZM00000000,Secundilactobacillus similis,1,DSM 23365; JCM 2765; LMG 23904,,
372,BOLK00000000,Secundilactobacillus yichangensis,1,CCTCC AB 2019384; F79-211-2; JCM 33866; NCIMB 15254,,
373,FMAO00000000,Weissella bombi,1,DSM 28794; LMG 28290; R-53094,,
374,GCA_018394055.1,Weissella ceti,1,1119-1A-09; CCUG 59653; CECT 7719,"Updated on July 26, 2023. The old ACC leads to NC36.",
375,GCA_005405525.1,Weissella cibaria,1,CCUG 41967; DSM 15878; JCM 12495; LMG 17699,"Updated on July 26, 2023. The old ACC leads to a contig.",
376,GCA_011304355.1,Weissella coleopterorum,1,HDW19; JCM 33684; KACC 21347; KCTC 43114,,
377,JQAY00000000,Weissella confusa,1,ATCC 10881; BCRC 14002; CCRC 14002; CCUG 30113; CIP 103172; CIP 54.169; DSM 20196; JCM 1093; LMG 9497; NCDO 1586; NCFB 1586; NCIB 9311; NCIMB 9311; NRRL B-1064; TCC 10881,,
378,CP060724,Weissella diestrammenae,1,DSM 27940; JCM 18559; KACC 16890; ORY33,,
379,JQAX00000000,Weissella halotolerans,1,ATCC 35410; BCRC 14050; CCRC 14050; CCUG 33457; CECT 573; CIP 103005; DSM 20190; JCM 1114; LMG 9469; NRIC 1627; R61,,
380,GCA_012396435.1,Weissella hellenica,1,ATCC 51523; CCUG 33494; DSM 7378; IFO 15553; JCM 10103; LMG 15125; LV346; NBRC 15553; NCFB 2973; NCIMB 702973,"Updated on July 26, 2023. The old ACC leads to  R-53116.",
381,CP014332,Weissella jogaejeotgali,1, FOL01; JCM 30580; KCCM 43128,,
382,JQBP00000000,Weissella kandleri,1,ATCC 51149; BCRC 14624; CCRC 14624; CCUG 32237; CIP 102809; DSM 20593; JCM 5817; L250; LMG 18979; NCDO 2753; NCFB 2753; NCIMB 702753; NRIC 1628,,
383,AKGG00000000,Weissella koreensis,1,CCUG 47134; DSM 15830; JCM 11263; KCCM 41516; KCTC 3621; S-5623,,
384,JQCD00000000,Weissella minor,1,3; ATCC 35412; DSM 20014,,
385,SDGZ00000000,Weissella muntiaci,1,8 H-2; BCRC 81133; NBRC 113537,,
386,BAWR00000000,Weissella oryzae,1,DSM 25784; JCM 18191; SG 25,,
387,ACKU00000000,Weissella paramesenteroides,1,ATCC 33313; CCUG 30068; CIP 102421; DSM 20288; JCM 9890; LMG 9852; NCDO 803; NCFB 803; NCIMB 13092; NRIC 1542; NRRL B-1186; NRRL B-3471,,
388,BJDT00000000,Weissella sagaensis,1,CCM 8924; CCTCC AB 2018403; LMG 31184; NCIMB 15192; X0750,,
389,QRAS00000000,Weissella soli,1,CCUG 46608; DSM 14420; JCM 12536; LMG 20113; Mi268;  CECT 7031,,
390,GCA_005405465.1,Weissella thailandensis,1,CCUG 46557; CIP 106751; DSM 15832; FS61-1; HSCC 1412; JCM 10695; KCTC 3751; NRIC 298; PCU 210; TISTR 1384,"Updated on July 26, 2023. The old ACC leads to  a contig.",
391,NZ_JAFBEO000000000.1,Weissella uvarum,1,B18NM42; DSM 28060; NCCB 100484,,
392,JQBM00000000,Weissella viridescens,1,ATCC 12706; BCRC 11650; CCM 56; CCRC 11650; CCUG 21533; CCUG 30502; CECT 283; CIP 102810; DSM 20410; IAM 13546; JCM 1174; LMG 3507; NBIMCC 8897; NCCB 71015; NCDO 1655; NCFB 1655; NCIB 8965; NCIMB 8965; NRIC 1536; NRRL B-1951; VKM B-1528,,
393,GCA_023380205.1,Nicoliella spurrieriana,1,LMG 32134; NBRC 114992; SGEP1_A5,New genus published in 2022-09-26. Nicolia was replace by Nicoliella in Apr 2023.,