Count,ACC,Species,Type Strain,Note,WGS=Assembly=Strain
1,CP034726,Acetilactobacillus jinshanensis,CICC 6269; HSLZ-75; JCM 33270,,
2,AZGA00000000,Agrilactobacillus composti,DSM 18527; JCM 14202; NRIC 689,,
3,JACGCJ000000000,Agrilactobacillus fermenti,BCRC 81220; CC-MHH1034; JCM 33476,Add in Mar 18 2023,
4,RHOY00000000,Agrilactobacillus yilanensis,54-2; CCM 8896; KCTC 21120; LMG 31058; NCIMB 15154,,
5,AYYS00000000,Amylolactobacillus amylophilus,ATCC 49845; CCUG 30137; CIP 102988; DSM 20533; IFO 15881; JCM 1125; LMG 6900; NBRC 15881; NCAIM B.01457; NRRL B-4437; NRRL B-4476,,
6,GCA_001434555.1,Amylolactobacillus amylotrophicus,DSM 20534; JCM 1124; LMG 11400; NRRL B-4436,Added in Jun 17 2023,
7,JXCT00000000,Apilactobacillus apinorum,CCUG 63287; DSM 26257; Fhon13N,,
8,CP093362.1,Apilactobacillus apisilvae,LMG 32133; NBRC 114991; SG5_A10,Add in Mar 18 2023.  Didn't use the plasmid sequence that Michael listed in the ACC column.,
9,CP032626,Apilactobacillus bombintestini,BHWM-4; KACC 19317; NBRC 113067,,
10,AZCK00000000,Apilactobacillus kunkeei,ATCC 700308; DSM 12361; JCM 16173; strain YH-15,,
11,POSO00000000,Apilactobacillus micheneri,DSM 104126; Hlig3; JCM 33323; NRRL B-65473,,
12,GCA_016861915.1,Apilactobacillus nanyangensis,CCTCC AB 2019385; HN36-1; JCM 33867,updated in Jun 27 2023. The old genome is Levilactobacillus. ,
13,AYYQ00000000,Apilactobacillus ozensis,DSM 23829; JCM 17196; Mizu2-1,,
14,POSN00000000,Apilactobacillus quenuiae,DSM 104127; HV_6; NRRL B-65474,,
15,POST00000000,Apilactobacillus timberlakei,DSM 104128; HV_12; NRRL B-65472,,
16,GCA_019061205.1,Apilactobacillus waqarii,HBW1,Added in Jun 17 2023,
17,BPLL00000000,Apilactobacillus xinyiensis,CCTCC AB 2021028; F575-4; JCM 34501,,
18,BPLK00000000,Apilactobacillus zhangqiuensis,CCTCC AB 2021026; F502-1; JCM 34500,,
19,JABZEC000000000,Bombilactobacillus apium,DCY 120; JCM 34006; KCTC 43194,,
20,CP031513,Bombilactobacillus bombi,BTLCH M1/2; CCM 8440; DSM 26517,Add in Mar 18 2023. There is no ACC for the type strain. So use the alternative genome of the reference strain.,
21,CP093366.1,Bombilactobacillus folatiphilus,LMG 32126; NBRC 115004; SG4_D2,Add in Mar 18 2023. Didn't use the plasmid sequence that Michael listed in the ACC column.,
22,JXJQ00000000,Bombilactobacillus mellifer,Bin4N; CCUG 63291; DSM 26254,,
23,JXBZ00000000,Bombilactobacillus mellis,CCUG 63289; DSM 26255; Hon2N,,
24,CP093365,Bombilactobacillus thymidiniphilus,LMG 32125; NBRC 114984; SG4_A1,Add in Mar 18 2023,
25,JQBG01000000,Carnobacterium maltaromaticum,,Outgroup,
26,AZDQ00000000,Companilactobacillus alimentarius,ATCC 29643; CCUG 30672; CIP 102986; DSM 20249; JCM 1095; LMG 9187,,
27,CP019323,Companilactobacillus allii,JCM 31938; KCTC 21077; WiKim39,,
28,RHOQ00000000,Companilactobacillus baiquanensis,184-8; CCM 8895; KCTC 21131; LMG 31050; NCIMB 15152,,
29,AZDY00000000,Companilactobacillus bobalius,203; CECT 7310; DSM 19674; JCM 16180,,
30,AZDB00000000,Companilactobacillus crustorum,CCUG 53174; JCM 15951; LMG 23699,,
31,AZDR00000000,Companilactobacillus farciminis,ATCC 29644; CCUG 30671; CIP 103136; DSM 20184; JCM 1097; LMG 9200; NRRL B-4566,,
32,QWDI00000000,Companilactobacillus formosensis,BCRC 80582; NBRC 109509; S215,,
33,RHNT00000000,Companilactobacillus furfuricola,DSM 27174; JCM 18764; NRIC 900; Nu 27,,
34,AZDO00000000,Companilactobacillus futsaii,BCRC 80278; JCM 17355; YM 0097,,
35,CP012034,Companilactobacillus ginsenosidimutans,DSM 24154T; EMML 3041; KACC 15420T; LMG 31607,,
36,VDFP00000000,Companilactobacillus halodurans,DSM 109452; LMG 31402; TMW 1.2172,,
37,CP012559,Companilactobacillus heilongjiangensis,DSM 28069; LMG 26166; NCIMB 14701; S4-3,,
38,BJDF00000000,Companilactobacillus huachuanensis,395-6.2; CCM 8927; LMG 31179; NCIMB 15188,,
39,RHOO00000000,Companilactobacillus hulinensis,8-1(1); CCM 8898; KCTC 21115; LMG 31047; NCIMB 15156,,
40,RHNU00000000,Companilactobacillus insicii,CECT 8802; DSM 29801; TMW 1.2011,,
41,RHOP00000000,Companilactobacillus jidongensis,204-8; CCM 8900; KCTC 21133; LMG 31054; NCIMB 15159,,
42,RHOR00000000,Companilactobacillus kedongensis,116-2; CCM 8899; KCTC 21124; LMG 31051; NCIMB 15158,,
43,RHOS00000000,Companilactobacillus keshanensis,33-7; CCM 8936; KCTC 21118; LMG 31166; NCIMB 15153,,
44,JQCF00000000,Companilactobacillus kimchiensis,DSM 24716; JCM 17702; KACC 15533; L133,,
45,AZDH00000000,Companilactobacillus kimchii,AP1077; ATCC BAA-131; CCUG 45370; CIP 107019; DSM 13961; JCM 10707; KCTC 8903P; MT-1077,,
46,RSTD00000000,Companilactobacillus metriopterae,DSM 103730; Hime 5-1; JCM 31635,Shown as Lactobacillus terrae on NCBI taxonomy. Companilactobacillus metriopterae in Michael's file.,
47,AZEZ00000000,Companilactobacillus mindensis,CCUG 48642; DSM 14500; JCM 12532; LMG 21508; TMW 1.80,,
48,RHON00000000,Companilactobacillus mishanensis,256-3; CCM 8901; LMG 31048; NCIMB 15160,,
49,BIFW00000000,Companilactobacillus musae,313; BCRC 81020; NBRC 112868,,
50,AZFV00000000,Companilactobacillus nantensis,CIP 108546; DSM 16982; JCM 16171; LP33; TMW 1.1265,,
51,AZDZ00000000,Companilactobacillus nodensis,DSM 19682; iz4b-1; JCM 14932,,
52,NIPR00000000,Companilactobacillus nuruki,NBRC 112011; SYF10-1a,,
53,CP049366,Companilactobacillus pabuli,JCM 34088; KACC 21771; NFFJ11,,
54,AZES00000000,Companilactobacillus paralimentarius,CCUG 43349; CIP 106794; DSM 13238; JCM 10415; LMG 19152; TB 1,,
55,RKLY00000000,Companilactobacillus suantsaicola,BCRC 81127; NBRC 113530; R7,,
56,AZDG00000000,Companilactobacillus tucceti,ECT 5920; DSM 20183; JCM 18037; R 19c,,
57,AZFA00000000,Companilactobacillus versmoldensis,ATCC BAA-478; DSM 14857; JCM 16174; KU-3; NCCB 100034,,
58,CP031933,Companilactobacillus zhachilii,GDMCC 1.1417; HBUAS52074; KCTC 21106,,
59,RHOM00000000,Companilactobacillus zhongbaensis,CCM 8892; LMG 31045; M1575; NCIMB 15149,,
60,QEKT00000000,Convivina intestini,DSM 28795; LMG 28291,,
61,GCA_933208505.1,Convivina praedatoris,CECT 30512; LMG 32447; R-78119,Added in Mar 2024.,
62,AZDI00000000,Dellaglioa algida,CIP 106688; DSM 15638; IP 106688; JCM 10491; LMG 19872; M6A9,,
63,GCA_026948345.1,Dellaglioa carnosa,DSM 114968; LMG 32819; TMW 2.2523,Added in Jun 17 2023,
64,CP097121,Fructilactobacillus carniphilus,KI4_A6; LMG 32127; NBRC 114985,Add in Mar 18 2023,
65,CP097117,Fructilactobacillus cliffordii,KI11_D11; LMG 32130; NBRC 114988,Add in Mar 18 2023,
66,AYZI00000000,Fructilactobacillus florum,DSM 22689; F9-1; JCM 16035; NRIC 771,,
67,AZDS00000000,Fructilactobacillus fructivorans,ATCC 8288; CCUG 32260; CIP 103042; DSM 20203; IFO 13954; JCM 1117; KCTC 3543; LMG 9201; NBRC 13954; NRRL B-1841,,
68,CP097118,Fructilactobacillus hinvesii,KI11_C11; LMG 32129; NBRC 114987,Add in Mar 18 2023,
69,CP097478,Fructilactobacillus ixorae,LMG 29008; NBRC 111239; PCU 346; Ru20-1; TISTR 2381,Add in Mar 18 2023,
70,JQBT00000000,Fructilactobacillus lindneri,CIP 102983; DSM 20690; JCM 11027; KPA; LMG 14528,,
71,CP097116,Fructilactobacillus myrtifloralis,KI16_H9; LMG 32131; NBRC 114989,Add in Mar 18 2023,
72,AYYM00000000,Fructilactobacillus sanfranciscensis,ATCC 27651; CCUG 30143; CIP 103252; DSM 20451; JCM 5668; LMG 16002; NRRL B-3934; Strain L-12,,
73,GCA_024029775.1,Fructobacillus americanaquae,KI3_B9; LMG 32124; NBRC 114983,Modified GCA in Jun 17 2023. Add in Mar 18 2023,
74,GCA_023893635.1,Fructobacillus apis,BCRC 81365; NBRC 115637; W13,Modified GCA in Jun 17 2023. Add in Mar 18 2023,
75,GCA_018437275.1,Fructobacillus broussonetiae,BCRC 81240; M2-14; NBRC 114436,Modified GCA in Jun 17 2023. ,
76,GCA_023218935.1,Fructobacillus cardui,CECT 30515; DSM 113480; TMW 2.2452,Modified GCA in Jun 17 2023. Add in Mar 18 2023,
77,FOLI00000000,Fructobacillus durionis,CCUG 49949; D-24; DSM 19113; LAB 1679; LMG 22556,,
78,BBXQ00000000,Fructobacillus ficulneus,DSM 13613; FS-1; JCM 12225; NRRL B-23447,,
79,JQBH00000000,Fructobacillus fructosus,ATCC 13162; CCUG 32246; CIP 102985; DSM 20349; IFO 3516; JCM 1119; LMG 9498; NBRC 3516; NCIB 10784; NCIMB 10784; NRIC 1058; NRRL B-2041,,
80,GCA_018437225.1,Fructobacillus papyriferae,BCRC 81237; M1-10; NBRC 114433,Modified GCA in Jun 17 2023. ,
81,GCA_018437235.1,Fructobacillus papyrifericola,BCRC 81239; M1-21; NBRC 114435,Modified GCA in Jun 17 2023. ,
82,GCA_018437265.1,Fructobacillus parabroussonetiae,BCRC 81241; NBRC 114437; S1-1,Modified GCA in Jun 17 2023. ,
83,FNWS00000000,Fructobacillus pseudoficulneus,CECT 5759; DSM 15468; LC-51,,
84,BBXT00000000,Fructobacillus tropaeoli,DSM 23246; F214-1; JCM 16675,,
85,JAIWJF000000000,Furfurilactobacillus milii,DSM 113338; FUA3430; LMG 32478,KEEP. The type strain.,
86,AZFF00000000,Furfurilactobacillus rossiae,CS1;  ATCC BAA-822; DSM 15814; JCM 16176,KEEP. The type strain.,
87,JQCB00000000,Furfurilactobacillus siliginis,DSM 22696; JCM 16155; KCTC 3985; M1-212; NBRC 101315,KEEP. The type strain.,
88,AYZL00000000,Holzapfeliella floricola,DSM 23037; JCM 16512; LMG 29183; NRIC 774; Ryu1-2,"Corrected. The genus name was incorrect because of me, but I didn't find out.",
89,JABEKX000000000,Lacticaseibacillus absianus,JCM 33998; KCTC 25006; YH-lac23,,
90,RHOI00000000,Lacticaseibacillus baoqingensis,47-3; CCM 8903; LMG 31064; NCIMB 15165,,
91,AYZQ00000000,Lacticaseibacillus brantae,ATCC BAA-2142; DSM 23927; LMG 26001; SL1108,,
92,AYZJ00000000,Lacticaseibacillus camelliae,BCC 21233; DSM 22697; JCM 13995; MCH3-1; NRIC 672,,
93,BALS00000000,Lacticaseibacillus casei,ATCC 393; BCRC 10697; CCRC 10697; CCUG 21451; CECT 475; CIP 103137; DSM 20011; Hucker03; IAM 12473; IFO 15883; KCTC 3109; LMG 6904; NBRC 15883; NCIB 11970; NCIMB 11970; NRRL B-1922; Orla-Jensen 7; OrlandL-323; Tittsler303,,
94,MSSM00000000,Lacticaseibacillus chiayiensis,BCRC 81062; NBRC 112906; NCYUAS,,
95,RHOH00000000,Lacticaseibacillus daqingensis,143-4(a); CCM 8948; CCTCC 2018390; JCM 33273; NCIMB 15173,,
96,RHOL00000000,Lacticaseibacillus hegangensis,73-4; CCM 8912; CCTCC AB 2018407; NCIMB 15177,,
97,GCA_029726355.1 ,Lacticaseibacillus huelsenbergensis,DSM 115425; HO 1656T; NCIMB 15466,Added in Mar 2024.,
98,RRYD00000000,Lacticaseibacillus hulanensis,CCM 8926; CCTCC AB 2019015; NCIMB 15193; ZW163,,
99,RHOJ00000000,Lacticaseibacillus jixianensis,159-4; CCM 8911; NCIMB 15175,,
100,JAIPUL000000000,Lacticaseibacillus kribbianus,JCM 34953; KCTC 21185; YH-lac21,Add in Mar 18 2023,
101,AZEU00000000,Lacticaseibacillus manihotivorans,CCUG 42894; CIP 105851; DSM 13343; JCM 12514; LMG 18010; OND 32,,
102,BOLS01000000,Lacticaseibacillus mingshuiensis,117-1; CCM 8980; JCM 33567; NCIMB 15232,,
103,AZDJ00000000,Lacticaseibacillus nasuensis,CGMCC 1.10801; DSM 26653; JCM 17158; SU 18,,
104,GCA_028736235.1,Lacticaseibacillus pabuli,BSF-3M; KACC 23028; NBRC 116014,Added in Mar 2024.,
105,AZFJ00000000,Lacticaseibacillus pantheris,A24-2-1; CGMCC 1.2826; DSM 15945; JCM 12539; LMG 21017,,
106,AZGH00000000,Lacticaseibacillus paracasei subsp. paracasei,ATCC 25302; CCUG 32212; CIP 103918; DSM 20008; DSM 20020; DSM 5622; IFO 15889; JCM 8130; LMG 13087; NBRC 15889; NCDO 151; NCFB 151; NCIMB 700151,,
107,AYYJ00000000,Lacticaseibacillus paracasei subsp. tolerans,7/74; ATCC 25599; CCUG 34829; CIP 102994; CIP 103024; DSM 20258; formerly NCDO 2742; formerly NCFB 2774; IFO 15906; JCM 1171; LMG 9191; NBRC 15906; NCDO 2774; NCFB 2774; NCIB 9709; NCIMB 9709,,
108,GCA_025490915.1,Lacticaseibacillus parakribbianus,JCM 34954; KCTC 21186; YH-lacS6,Add in Jun 17 2023.,
109,RHNS00000000,Lacticaseibacillus porcinae,CCUG 62266; DSM 28071; LMG 26767; R-42633,,
110,AZCQ00000000,Lacticaseibacillus rhamnosus,ATCC 7469; CCUG 21452; CIP A157; DSM 20021; IFO 3425; JCM 1136; LMG 6400; NBRC 3425; NCAIM B.01147; NCCB 46033; NCDO 243; NCFB 243; NCIB 6375; NCIMB 6375; NCTC 12953; NRRL B-442; VKM B-57; VKM B-574,,
111,JQCE00000000,Lacticaseibacillus saniviri,DSM 24301; JCM 17471; YIT 12363,,
112,AYYO00000000,Lacticaseibacillus sharpeae,ATCC 49974; CCUG 39466; CIP 101266; DSM 20505; JCM 1186; LMG 9214; NRRL B-14855,,
113,RHNR00000000,Lacticaseibacillus songhuajiangensis,7-19; CCUG 62990; DSM 28401; LMG 27191; NCIMB 14832,,
114,RHOK00000000,Lacticaseibacillus suibinensis,247-3; JCM 33275; NCIMB 15176,,
115,BOLV01000000,Lacticaseibacillus suilingensis,CCM 9110; CCTCC AB 2020299; JCM 34363; LMG 32143; ZW152,,
116,AYZK00000000,Lacticaseibacillus thailandensis,BCC 21235; DSM 22698; JCM 13996; MCH5-2; NRIC 671; PCU 272,,
117,RHOG00000000,Lacticaseibacillus yichunensis,33-1; CCM 8947; CCTCC 2018405; JCM 33272; NCIMB 15169,,
118,AZCT00000000,Lacticaseibacillus zeae,ATCC 15820; BCRC 17942; CCUG 35515; DSM 20178; JCM 11302; LMG 17315; NCIB 9537; NCIMB 9537,,
119,BLBG00000000,Lacticaseibacillus zhaodongensis,1206-1; CCM 8981; CCTCC AB 2019200; LMG 31620,,
120,AZFR01000007,Lactiplantibacillus argentoratensis,CCUG 50787; CIP 108320; DK0 22; DKO 22; DSM 16365; JCM 16169,,
121,GCA_031085375.1,Lactiplantibacillus brownii,DSM 116485; LMG 33211; NCIMB 15186; WILCCON 0030,Added in Mar 2024.,
122,GCA_947539765.1,Lactiplantibacillus carotarum,AMBF275; CECT 30757; LMG 32885,Added in Mar 2024.,
123,BJDH00000000,Lactiplantibacillus daoliensis,116-1A; CCM 8934; LMG 31171; NCIMB 15181,,
124,BJDJ00000000,Lactiplantibacillus daowaiensis,203-3; CCM 8933; LMG 31172; NCIMB 15183,,
125,BJDK00000000,Lactiplantibacillus dongliensis,218-3; CCM 8932; LMG 31173; NCIMB 15184,,
126,AYGX00000000,Lactiplantibacillus fabifermentans,DSM 21115; LMG 24284,,
127,QWZQ00000000,Lactiplantibacillus garii,DSM 108249; FI11369; NCIMB 15148,,
128,LFEE00000000,Lactiplantibacillus herbarum,CCTCC AB 2015090; DSM 100358; TCF032-E4,,
129,BJEA00000000,Lactiplantibacillus modestisalitolerans,BCC 38191; NB446; NBRC 107235,,
130,BJDY01000000,Lactiplantibacillus mudanjiangensis,11050; CCUG 62991; DSM 28402; LMG 27194,,
131,BJDI00000000,Lactiplantibacillus nangangensis,381-7; CCM 8930; NCIMB 15186,,
132,AZEO00000000,Lactiplantibacillus paraplantarum,ATCC 700211; CCUG 35983; CIP 104668; CNRZ 1885; CST 10961; DSM 10667; JCM 12533; LMG 16673; NRRL B-23115,,
133,GCA_036246185.1,Lactiplantibacillus paraxiangfangensis,231-9; CCTCC AB 2023133; JCM 36258,Added in Mar 2024.,
134,AZCU00000000,Lactiplantibacillus pentosus,ATCC 8041; CCUG 33455; CIP 103156; DSM 20314; JCM 1558; LMG 10755; NCAIM B.01727; NCCB 32014; NCDO 363; NCFB 363; NCIB 8026; NCIMB 8026; NRRL B-227; NRRL B-473,,
135,BJDG00000000,Lactiplantibacillus pingfangensis,382-1; CCM 8935; LMG 31176; NCIMB 15187,,
136,BJDZ00000000,Lactiplantibacillus plajomi,BCC 38054; NB53; NBRC 107333,,
137,AZEJ00000000,Lactiplantibacillus plantarum subsp. plantarum,ATCC 14917; CCUG 30503; CIP 103151; DSM 20174; IFO 15891; JCM 1149; LMG 6907; NBRC 15891; NCIB 11974; NCIMB 11974; NRRL B-4496,,
138,BJDL00000000,Lactiplantibacillus songbeiensis,398-2; CCM 8931; LMG 31174; NCIMB 15189,,
139,JQCL00000000,Lactiplantibacillus xiangfangensis,3.1.1; DSM 27103; LMG 26013; NCIMB 14687,,
140,AYZC00000000,Lactobacillus acetotolerans,ATCC 43578; CCUG 32229; CIP 103180; DSM 20749; JCM 3825; LMG 10751; NBI 3014,,
141,AZCS00000000,Lactobacillus acidophilus,ATCC 4356; CCUG 5917; CIP 76.13; DSM 20079; IFO 13951; JCM 1132; LMG 13550; LMG 9433; NBRC 13951; NCTC 12980; NRRL B-4495; VKM B-1660,,
142,GCA_943193025.1,Lactobacillus agrestimuris,CLA-SR-99; DSM 110155,Add in Jun 17 2023.,
143,AZEP00000000,Lactobacillus amylolyticus,CCUG 39901; DSM 11664; JCM 12529; LA 5; LMG 18796,,
144,AZCM00000000,Lactobacillus amylovorus,ATCC 33620; CCUG 27201; CIP 102989; DSM 20531; JCM 1126; LMG 9496; NCAIM B.01458; NRRL B-4540,,
145,PDKP00000000,Lactobacillus apis,CCM 8403; LMG 26964; R4B,,
146,NPNG00000000,Lactobacillus bombicola,DSM 28793; LMG 28288,,
147,JAGGLU000000000,Lactobacillus colini,111144 L1; DSM 101872; KCTC 21086,Added in Mar 2024.,
148,BMAY00000000,Lactobacillus corticis,B 40; DSM 107967; JCM 32597,,
149,AZCW00000000,Lactobacillus crispatus,ATCC 33820; CCUG 30722; CIP 102990; CIPP II; DSM 20584; JCM 1185; LMG 9479; VPI 3199,,
150,JQAV00000000,Lactobacillus delbrueckii subsp. bulgaricus,ATCC 11842; CCUG 41390; CIP 101027; DSM 20081; IFO 13953; JCM 1002; LMG 13551; LMG 6901; NBRC 13953; NCTC 12712; VKM B-1923,,
151,AZCR00000000,Lactobacillus delbrueckii subsp. delbrueckii,ATCC 9649; CCUG 34222; CIP 57.8; DSM 20074; IFO 3202; JCM 1012; LMG 6412; NBRC 3202; NCDO 213; NCFB 213; NCIB 8130; NCIMB 8130; NRRL B-763; VKM B-1596,,
152,AZFL00000000,Lactobacillus delbrueckii subsp. indicus,CCUG 51390; DSM 15996; JCM 15610; LMG 22083; NCC 725,,
153,JQCG00000000,Lactobacillus delbrueckii subsp. jakobsenii,DSM 26046; LMG 27067; ZN7a-9,,
154,AZDE00000000,Lactobacillus delbrueckii subsp. lactis,ATCC 12315; CCUG 31454; CIP 101028; DSM 20072; JCM 1248; LMG 7942; NBRC 102622; NRRL B-4525,,
155,CP018217,Lactobacillus delbrueckii subsp. sunkii,DSM 24966; JCM 17838; YIT 11221,,
156,AZDU00000000,Lactobacillus equicursoris,DI70; DSM 19284; JCM 14600,,
157,AZEL00000000,Lactobacillus gallinarum,ATCC 33199; CCUG 30724; CIP 103611; DSM 10532; JCM 2011; LMG 9435; VPI 1294,,
158,NC_008530,Lactobacillus gasseri,ATCC 33323; CCUG 31451; CIP 102991; DSM 20243; JCM 1131; LMG 9203; NRRL B-14168; NRRL B-4240,,
159,AYZO00000000,Lactobacillus gigeriorum,202; CRBIP 24.85; DSM 23908; LEM 202,,
160,AZGI00000000,Lactobacillus hamsteri,ATCC 43851; CCUG 30726; CIP 103365; DSM 5661; Ha5F1; JCM 6256; LMG 10754,,
161,JXJR00000000,Lactobacillus helsingborgensis,Bma5N; CCUG 63301; DSM 26265,,
162,AZEK00000000,Lactobacillus helveticus,ATCC 15009; CCUG 30139; CIP 103146; DSM 20075; IFO 15019; JCM 1120; LMG 13555; LMG 6413; NBIMCC 1011; NBRC 15019; NRRL B-4526,,
163,AYZP00000000,Lactobacillus hominis,61D; CRBIP 24.179; DSM 23910,,
164,BPPA00000000,Lactobacillus huangpiensis,CCTCC AB 2020300; F306-1; JCM 34361; LMG 32144,,
165,AZET00000000,Lactobacillus iners,CCUG 28746; CIP 105923; DSM 13335; JCM 12513; LMG 18914,,
166,AZGN00000000,Lactobacillus intestinalis,ATCC 49335; CCUG 30727; CIP 104793; DSM 6629; JCM 7548; LMG 14196; Th4,,
167,GCA_947539375.1,Lactobacillus isalae,AMBV1719; CECT 30756; LMG 32886,Added in Mar 2024.,
168,AYYU00000000,Lactobacillus jensenii,ATCC 25258; CCUG 21961; CCUG 35572; CIP 69.17; DSM 20557; JCM 1146; JCM 15953; LMG 6414; NBIMCC 3701; NRRL B-4550,,
169,AZCY00000000,Lactobacillus johnsonii,ATCC 33200; CCUG 30725; CIP 103620; DSM 10533; JCM 2012; NBIMCC 9067; VPI 7960,,
170,GCA_036246285.1,Lactobacillus juensis,CCTCC AB 2023131; F690; JCM 36259,Added in Mar 2024.,
171,AZFM00000000,Lactobacillus kalixensis,CCUG 48459; DSM 16043; JCM 15954; Kx127A2; LMG 22115,,
172,AZGG00000000,Lactobacillus kefiranofaciens subsp. kefiranofaciens,To check - Myabe the species is incorrect now.,To check - Myabe the species is incorrect now.,
173,AZEM00000000,Lactobacillus kefiranofaciens subsp. kefirgranum,ATCC 51647; CCUG 39467; CCUG 49353; CIP 104241; DSM 10550; GCL 1701; JCM 8572; LMG 15132,,
174,JXLH00000000,Lactobacillus kimbladii,CCUG 63633; DSM 26263; Hma2N,,
175,AZFU00000000,Lactobacillus kitasatonis,DSM 16761; JCM 1039; KCTC 3155,,
176,JXBY00000000,Lactobacillus kullabergensis,Biut2N; CCUG 63631; DSM 26262,,
177,BPPB00000000,Lactobacillus laiwuensis,CCTCC AB 2021027; F551-2; JCM 34502,,
178,GCA_024701915.1,Lactobacillus leichmannii,ATCC 4797; JCM 1148; LMG 13136; NCCB 49006,Added in Mar 2024.,
179,JXLI00000000,Lactobacillus melliventris,CCUG 63629; DSM 26256; Hma8N,,
180,SDGL00000000,Lactobacillus mulieris,c10Ua161M; CECT 9755; DSM 108704,,
181,ASM1658777,Lactobacillus nasalidis,DSM 110539; JCM 33769; YZ01,,
182,NPNH01000000,Lactobacillus panisapium,ACCC 19955; Bb 2-3; DSM 102188,,
183,AP018549,Lactobacillus paragasseri,ATCC 4963; JCM 5343; KCTC 3172; LMG 11478; NCFB 1375; NCIB 8931; NCIMB 8931; VPI 0334,,
184,AYZN00000000,Lactobacillus pasteurii,1517; CRBIP 24.76; DSM 23907,,
185,VUMX00000000,Lactobacillus porci,KCTC 21090; NBRC 112917; SG 816,To check. I am not sure if there is any type strain for this species. Only three genoems available.,
186,AZFB00000000,Lactobacillus psittaci,CCUG 42378; CIP 106492; DSM 15354; JCM 11552,,
187,GCA_036246345.1,Lactobacillus rizhaonensis,CCTCC AB 2023132; F790; JCM 36260,Added in Mar 2024.,
188,BFBY00000000,Lactobacillus rodentium,CCM 7945; DSM 24759; MYMRS/TLU1,,
189,GCA_900112995.1,Lactobacillus rogosae,ATCC 27753; VPI C37-38,Added in Mar 2024.,
190,GCA_001437205.1,Lactobacillus selangorensis,ATCC BAA-66; CCUG 43347; CIP 106482; DSM 13344; LMG 17710,Added in Mar 2024.,
191,AYZG00000000,Lactobacillus taiwanensis,BCRC 17755; DSM 21401; FIRDI 6,,
192,GCA_002762335.1,Lactobacillus terrae,JCM 32269; KCTC 21093; NIBRBAC000499792,,
193,AZFO00000000,Lactobacillus ultunensis,CCUG 48460; DSM 16047; JCM 16177; Kx146C1; LMG 22117,,
194,RXIA00000000,Lactobacillus xujianguonis,CGMCC 1.13855; HT111-2; KCTC 15803,,
195,GCA_033096005.1,Lactobacillus xylocopicola,DSM 108865; JCM 35343; Kim32-2,Added in Mar 2024.,
196,RHOV00000000,Lapidilactobacillus achengensis,247-4; CCM 8897; CCTCC AB 2018410; LMG 31059; NCIMB 15155,,
197,RHOX00000000,Lapidilactobacillus bayanensis,54-5; CCM 8894; NCIMB 15151,,
198,AZFX00000000,Lapidilactobacillus concavus,C-5-1; CGMCC 1.5017; DSM 17758; JCM 14153; LMG 22739,,
199,AYYK00000000,Lapidilactobacillus dextrinicus,ATCC 33087; CCUG 18834; CIP 103407; DSM 20335; JCM 5887; LMG 11485; NCIMB 701561; VKM B-1603,,
200,RHOT00000000,Lapidilactobacillus gannanensis,143-1; CCM 8937; CCTCC AB 2018409; NCIMB 15157,,
201,BROC00000000,Lapidilactobacillus luobeiensis,30-1(2); CCM 9240; CCTCC AB 2022114; JCM 35553,Add in Mar 18 2023,
202,RHOW00000000,Lapidilactobacillus mulanensis,143-6; CCM 8951; CCTCC AB 2018411; JCM 33274; NCIMB 15162,,
203,RHOU00000000,Lapidilactobacillus wuchangensis,17-4; CCM 8946; CCTCC AB 2018406; JCM 33271; NCIMB 15161,,
204,AZDL00000000,Latilactobacillus curvatus,ATCC 25601; CCUG 30669; CIP 102992; DSM 20019; IFO 15884; JCM 1096; LMG 13553; LMG 9198; NBIMCC 3452; NBRC 15884; NRRL B-4562,,
205,GCF_905332535.1,Latilactobacillus fragifolii,AMBP162; CECT 30357; LMG 32285,"Add in Mar 18 2023. But the ACC in Michael's file is for 16S rRNA, not whole genome. It's correced here.",
206,AZEX00000000,Latilactobacillus fuchuensis,B5M10; CCUG 47133; DSM 14340; JCM 11249,,
207,AYZB00000000,Latilactobacillus graminis,ATCC 51150; CCUG 32238; CIP 105164; DSM 20719; G90; G90(1); JCM 9503; LMG 9825; NRRL B-14857,,
208,AZFG00000000,Latilactobacillus sakei subsp. carnosus,CCUG 31331; CIP 105422; JCM 11031; LMG 17302; R 14b/a,To check. I am not sure if it's the type strain genome.,
209,AZDN00000000,Latilactobacillus sakei subsp. sakei,To check. There is no this speceis. ,To check. There is no this speceis. ,
210,AZDM00000000,Lentilactobacillus buchneri subsp. buchneri,To check. There is no this speceis. ,To check. There is no this speceis. ,
211,BJOS01000000,Lentilactobacillus buchneri subsp. silagei,DSM 107969; JCM 32599; SG 162,,
212,CP018906,Lentilactobacillus curieae,CCTCC M 2011381; JCM 18524; S1L19,,
213,AZEY00000000,Lentilactobacillus diolivorans,DSM 14421; JCM 12183; JKD6; LMG 19667,,
214,AZFY00000000,Lentilactobacillus farraginis,DSM 18382; JCM 14108; NRIC 676,,
215,BNJR01000000,Lentilactobacillus fungorum,DSM 107968; JCM 32598; YK48G,,
216,AZDF00000000,Lentilactobacillus hilgardii,ATCC 8290; CCUG 30140; CIP 103007; DSM 20176; IFO 15886; JCM 1155; LMG 6895; NBIMCC 3445; NBRC 15886; NRRL B-1843,,
217,AYYV00000000,Lentilactobacillus kefiri,ATCC 35411; CCUG 30673; CIP 103006; DSM 20587; IFO 15888; JCM 5818; LMG 9480; NBRC 15888,,
218,AZEB00000000,Lentilactobacillus kisonensis,DSM 19906; JCM 15041; NRIC 74; NRIC 741; YIT 11168,,
219,BEXA00000000,Lentilactobacillus kosonis,BCRC 81282; C06_No.73; NBRC 111893,,
220,JABEQQ00000000,Lentilactobacillus kribbianus,JCM 33997; KCTC 25005; YH-lac9,,
221,CP085278,Lentilactobacillus laojiaonis,CGMCC 1.18832; IM3328; JCM 34630,,
222,AZED00000000,Lentilactobacillus otakiensis,DSM 19908; JCM 15040; NRIC 742; YIT 11163,,
223,AZGK00000000,Lentilactobacillus parabuchneri,6E; ATCC 49374; CCUG 32261; CIP 103368; DSM 5707; JCM 12493; LMG 11457; NCDO 2748; NCFB 2748; NCIB 8838; NCIMB 8838,,
224,AZFZ00000000,Lentilactobacillus parafarraginis,DSM 18390; JCM 14109; NRIC 677,,
225,AZEN00000000,Lentilactobacillus parakefiri,ATCC 51648; CCUG 39468; CIP 104242; DSM 10551; GCL 1731; IFO 15890; JCM 8573; LMG 15133; NBRC 15890,,
226,OVSN00000000,Lentilactobacillus raoultii,CCUG 71848; CSUR P4006; LMG 31598; Marseille P4006,,
227,JAHOPG000000000,Lentilactobacillus dabitei,GDMCC 1.2566; IMAU80584; JCM 34647,Updated on Mar 2024. Old name is Lentilactobacillus rapi subsp. Dabitei,
228,AZEI00000000,Lentilactobacillus rapi,DSM 19907; JCM 15042; NRIC 743; YIT 11204,Updated on Mar 2024. Old name is Lentilactobacillus rapi subsp. Rapi,
229,AYZR00000000,Lentilactobacillus senioris,DSM 24302; JCM 17472; YIT 12364,,
230,AZEA00000000,Lentilactobacillus sunkii,DSM 19904; JCM 15039; NRIC 744; YIT 11161,,
231,GCA_014207505.1,Leuconostoc carnosum,ATCC 49367; CCUG 30059; CIP 103319; DSM 5576; JCM 9695; LMG 11498; NCFB 2776; NCIMB 12898; SML 40,"Updated on Jul 25, 2023. The old ACC leads to JB 16.",
232,GCA_004354555.1,Leuconostoc citreum,ATCC 49370; CCUG 30060; CIP 103315; DSM 5577; JCM 9698; LMG 9849; NCDO 1837; NCFB 1837; NCIMB 13121,"Updated on Jul 25, 2023. The old ACC leads to KM20.",
233,BMBS01000000,Leuconostoc falkenbergense,CCUG 27119; LMG 10779,Corrected. the species name was incorrect previously but I didn't find out.,
234,GCA_004354645.1,Leuconostoc fallax,ATCC 700006; CCUG 30061; CIP 104855; DSM 20189; JCM 9694; LMG 13177,"Updated on Jul 25, 2023. The old ACC leads to KCTC 3537.",
235,FN822744,Leuconostoc gelidum subsp. gasicomitatum,CCUG 46042; CECT 5767; DSM 15947; JCM 12535; LMG 18811; NBRC 113245; TB 1-10,,
236,AEMI00000000,Leuconostoc gelidum subsp. gelidum,,To check. Maybe there is no this species.,
237,JAAXPO000000000,Leuconostoc holzapfelii,CCUG 54536; DSM 21478; JCM 16942; LMG 23990,,
238,AEMJ00000000,Leuconostoc inhae,DSM 15101; IH003; KCTC 3774,,
239,GCA_000092505.1,Leuconostoc kimchii,IH25; IMSNU 11154; KCTC 2386,"Updated on Jul 25, 2023. The old Acc leads to a plasmid…..",
240,GCA_014651235.1,Leuconostoc lactis,ATCC 19256; CCUG 30064; CIP 102422; DSM 20202; HAMBI 2346; JCM 6123; LMG 8894; NBIMCC 9089; NCDO 533; NCFB 533; NCIMB 13091; NRRL B-3468,"Updated on Jul 25, 2023. The old Acc leads to KCTC 3773.",
241,SDGY00000000,Leuconostoc litchii,BCRC 81077; MB7; NBRC 113542,,
242,ACKV00000000,Leuconostoc mesenteroides subsp. cremoris,ATCC 19254; CCUG 21965; CIP 103009; DSM 20346; JCM 16943; LMG 6909; NBIMCC 9090; NCDO 543; NCIB 12008; NCIMB 12008; NRRL B-3252; VKM B-1420,,
243,CP012009,Leuconostoc mesenteroides subsp. dextranicum,ATCC 19255; CCUG 21966; CCUG 30065; CIP 102423; DSM 20484; JCM 9700; LMG 6908; NBIMCC 1397; NBRC 100495; NCAIM B.01658; NCDO 529; NCIB 12007; NCIMB 12007; NRRL B-3469; VKM B-1225,,
244,CP014611,Leuconostoc mesenteroides subsp. Jonggajibkimchii,DRC1506; JCM 31787; KCCM 43249,"Corrected. It should be Leuconostoc mesenteroides subsp. Jonggajibkimchii, not Leuconostoc jonggajibkimchii",
245,GCA_000014445.1,Leuconostoc mesenteroides subsp. mesenteroides,12954; ATCC 8293; CCUG 30066; CIP 102305; DSM 20343; HAMBI 2347; JCM 6124; LMG 6893; NBIMCC 3455; NBRC 100496; NRRL B-1118; NRRL B-3470; VKM B-1601,Added in Mar 2024.,
246,BPKY00000000,Leuconostoc miyukkimchii,DSM 25624; JCM 17445; KACC 15353; M2,,
247,BPKZ00000000,Leuconostoc palmae,DSM 21144; JCM 16944; LMG 24510; TMW 2.694,,
248,GCA_029823355.1,Leuconostoc pseudomesenteroides,ATCC 12291; CCUG 30063; CIP 103316; DSM 20193; JCM 9696; LMG 11482; NCCB 83005; NCDO 768; NCFB 768; NCIB 8699; NCIMB 8699,"Updated on Jul 25, 2023. The old Acc leads to 4882.",
249,GCA_016908715,Leuconostoc rapi,DSM 27776; LMG 27676; MHB 277; R-50029,,
250,CP015247,Leuconostoc suionicum,ATCC 9135; DSM 20241; LMG 8159; NBIMCC 8971; NCIMB 6992,,
251,AZDV00000000,Levilactobacillus acidifarinae,CCM 7240; CCUG 50162; DSM 19394; JCM 15949; LMG 22200; R-19065,,
252,BOLP00000000,Levilactobacillus andaensis, 866-3; CCTCC AB 2019383; JCM 33863,,
253,RHOB00000000,Levilactobacillus angrenensis,CCM 8893; CCTCC AB 2018402; LMG 31046; M1530-1; NCIMB 15150,,
254,QCXQ00000000,Levilactobacillus bambusae,BCRC 80970; BS-W1; NBRC 112377,,
255,AZCP00000000,Levilactobacillus brevis,14 Bb14T; Bb14; CCUG 30670; CIP 102806; DSM 20054; JCM 1059; LMG 6906; LMG 7944; NBIMCC 3448; NRRL B-4527,,
256,RHNN00000000,Levilactobacillus cerevisiae,DSM 100836; LMG 29073; TUM BP 140423000-2250,,
257,SULH00000000,Levilactobacillus enshiensis,GDMCC 1.1664; HBUAS57009; KACC 21424,Corrected. the species name was incorrect previously but I didn't find out.,
258,RHNX00000000,Levilactobacillus fujinensis,218-6; CCM 8908; KCTC 21134; LMG 31067; NCIMB 15171,,
259,RHNZ00000000,Levilactobacillus fuyuanensis,244-4; CCM 8906; KCTC 21137; LMG 31052; NCIMB 15168,,
260,AZFS00000000,Levilactobacillus hammesii,CCUG 51325; CIP 108387; DSM 16381; JCM 16170; LP38; TMW 1.1236,,
261,RHOC00000000,Levilactobacillus huananensis,151-2B; CCM 8913; KCTC 21129; LMG 31063; NCIMB 15164,,
262,BROB00000000,Levilactobacillus humaensis,213-9(3); CCM 9241; CCTCC AB 2022115; JCM 35554,Add in Mar 18 2023,
263,AZDP00000000,Levilactobacillus koreensis,DCY 50; DSM 27983; JCM 16448; KCTC 13530,,
264,BOLN01000000,Levilactobacillus lanxiensis,13B17; CCM 8979; CCTCC AB 2019167; JCM 33565; NCIMB 15230,,
265,RHOD00000000,Levilactobacillus lindianensis,220-4; CCM 8902; KCTC 21136; NCIMB 15163,,
266,RHNW00000000,Levilactobacillus mulengensis,112-3; CCM 8909; KCTC 21123; LMG 31049; NCIMB 15174,,
267,AZDT00000000,Levilactobacillus namurensis,CCUG 52843; DSM 19117; JCM 15612; LMG 23583,,
268,AZCZ00000000,Levilactobacillus parabrevis,ATCC 53295; LMG 11984,,
269,JQCA00000000,Levilactobacillus paucivorans,DSM 22467; JCM 18045; LMG 25291; TMW 1.1424,,
270,AYZH00000000,Levilactobacillus senmaizukei,DSM 21775; L13; NBRC 103853; TISTR 1847,,
271,AZFC00000000,Levilactobacillus spicheri,DSM 15429; JCM 15956; LMG 21871; LTH 5753,,
272,QXIL00000000,Levilactobacillus suantsaii,BCRC 12945; L88; NBRC 113535,,
273,RKLX00000000,Levilactobacillus suantsaiihabitans,BCRC 81129; NBRC 113532; R19,,
274,RHOA00000000,Levilactobacillus tangyuanensis,137-3; CCM 8907; KCTC 21125; LMG 31053; NCIMB 15170,,
275,RHNY00000000,Levilactobacillus tongjiangensis,218-10; CCM 8905; KCTC 21135; LMG 31055; NCIMB 15167,,
276,JAAXLK00000000,Levilactobacillus tujiorum,GDMCC 1.3022; HBUAS51241; JCM 35241,"Updated on Mar 2024,  Jul 26, 2023. The type strain Acc on LPSN is incorrect. Add in Mar 18 2023",
277,BOLM01000000,Levilactobacillus wangkuiensis,6-5(1); CCM 8977; CCTCC AB 2019168; JCM 33564; NCIMB 15229,,
278,GCA_024718525.1,Levilactobacillus yiduensis,GDMCC 1.3507; HBUAS62285; JCM 35804,Added in Mar 2024.,
279,RHNO00000000,Levilactobacillus yonginensis,DSM 29216; JCM 18023; KACC 16236; THK-V8,,
280,AZDW00000000,Levilactobacillus zymae,CCM 7241; CCUG 50163; DSM 19395; JCM 15957; LMG 22198; R-18615,,
281,AZFI00000000,Ligilactobacillus acidipiscis,CCUG 46556; CIP 106750; FS60-1; HSCC 1411; JCM 10692; NBRC 102163; NRIC 300; PCU 207; TISTR 1386; DSM 15836,,
282,AYYP00000000,Ligilactobacillus agilis,CCUG 31450; CIP 101264; DSM 20509; JCM 1187; LMG 9186; NRRL B-14856,,
283,AYYW00000000,Ligilactobacillus animalis,1535; ATCC 35046; CCUG 33906; CIP 103152; DSM 20602; IFO 15882; JCM 5670; LMG 9843; NBRC 15882; NCDO 2425; NCFB 2425; NCIMB 13278; NRRL B-14176,,
284,AZFT00000000,Ligilactobacillus apodemi,ASB1; CIP 108913; DSM 16634; JCM 16172,,
285,AYYZ00000000,Ligilactobacillus araffinosus,ATCC 43235; CCUG 32231; CIP 103145; DSM 20653; JCM 5667; Strain ML2,,
286,AYZA00000000,Ligilactobacillus aviarius,ATCC 43234; CCUG 32230; CIP 103144; DSM 20655; JCM 5666; LMG 10753; NBRC 102162; Strain 75,,
287,JQBZ00000000,Ligilactobacillus ceti,142-2; CCUG 53626; CECT 7185; DSM 22408; JCM 15609,,
288,GCA_030389495.1,Ligilactobacillus cholophilus,BD7642; CCTCC AB 2022398; JCM 36074,Added in Mar 2024.,
289,AZFH00000000,Ligilactobacillus equi,ATCC BAA-261; CCUG 47129; DSM 15833; JCM 10991; YIT 455,,
290,AZGD00000000,Ligilactobacillus hayakitensis,DSM 18933; JCM 14209; KBL13,,
291,GCA_947381805.1,Ligilactobacillus hohenheimensis,DJ3G5/DJ4M19; DSM 113870; LMG 32876,Added in Mar 2024.,
292,AYYN00000000,Ligilactobacillus murinus,313; ATCC 35020; CCUG 33904; CIP 104818; CNRZ 220; DSM 20452; IFO 14221; JCM 1717; LMG 14189; NBIMCC 9068; NBRC 14221,,
293,GCF_022836475.1,Ligilactobacillus pabuli,AF129; BCRC 81335; JCM 34518; MAFF 518002,Add in Mar 18 2023. ACC that Michael gave is for each scaffold not the whole genome. ,
294,JQCN00000000,Ligilactobacillus pobuzihii,DSM 28122; E100301; JCM 18084; KCTC 13174; NBRC 103219; RIFY 6501,,
295,AYYL00000000,Ligilactobacillus ruminis,ATCC 27780; CCUG 39465; CIP 103153; DSM 20403; JCM 1152; LMG 10756; NBRC 102161; NRRL B-14853,,
296,AZFP00000000,Ligilactobacillus saerimneri,CCUG 48462; DSM 16049; GDA154; JCM 15955; LMG 22087,,
297,BFFP01000000,Ligilactobacillus salitolerans,DSM 103433; JCM 31331; MAFF 516399; YK43,,
298,AYYT00000000,Ligilactobacillus salivarius,CCUG 31453; CIP 103140; DSM 20555; H066T; HAMBI 78; HAMBI 87; JCM 1231; LMG 9477; NBIMCC 1589; NRRL B-1949,,
299,GCA_024160875.1,Ligilactobacillus ubinensis,DSM 114293; LMG 32698; WILCCON 0076,Added in Mar 2024.,
300,GCA_943193105.1,Limosilactobacillus agrestimuris,DSM 106037; JCM 36039; WCA-sto-4,Added in Mar 2024.,
301,ASM1414558,Limosilactobacillus agrestis,DSM 110569; LMG 31629; WF-MT5-A,,
302,ASM1414555,Limosilactobacillus albertensis,DSM 110573; LMG 31632; Lr3000,,
303,JACJJQ000000000,Limosilactobacillus alvi,JCM 17644; KCCM 90099; LMG 31569; R54,Updated in Mar 2024. No type strain genome on NCBI. Use a alternative genome. Add in Mar 18 2023. ,
304,AZDK00000000,Limosilactobacillus antri,CCUG 48456; DSM 16041; JCM 15950; Kx146A4; LMG 22111,,
305,GCA_947381485.1,Limosilactobacillus avium,BIEM52; DSM 113849; LMG 32671,Added in Mar 2024.,
306,ASM1414561,Limosilactobacillus balticus,BG-AF3-A; DSM 110574; LMG 31633,,
307,GCA_900156885.1,Limosilactobacillus caccae,CECT 30110; CSUR P3519; Marseille P3519,Added in Mar 2024.,
308,GCA_943192935.1,Limosilactobacillus caecicola,CLA-_SR-_145; DSM 110982; JCM 36052,Added in Mar 2024.,
309,BMDS00000000,Limosilactobacillus caviae,CCM 8609; DSM 100239; LMG 28780; MOZM2,Add in Mar 18 2023,
310,AZEW00000000,Limosilactobacillus coleohominis,CCUG 44007; CIP 106820; DSM 14060; JCM 11550,,
311,GCA_947387495.1,Limosilactobacillus difficilis,BHUE2; DSM 114195; LMG 32875,Added in Mar 2024.,
312,AZGC00000000,Limosilactobacillus equigenerosi,DSM 18793; JCM 14505; NRIC 697,,
313,ASM1414550,Limosilactobacillus fastidiosus,DSM 110576; LMG 31630; WF-MO7-1,,
314,GCA_013394085.1,Limosilactobacillus fermentum,ATCC 14931; CCUG 30138; CIP 102980; DSM 20052; IFO 15885; JCM 1173; LMG 6902; NBIMCC 9086; NBRC 15885; NCCB 46038; NCDO 1750; NCFB 1750; NCIB 11840; NCIMB 11840; NRRL B-4524,"Updated on July 26, 2023. The old acc leads to DSM20055.",
315,AZER00000000,Limosilactobacillus frumenti,CIP 106922; DSM 13145; JCM 11122; LMG 19473; TMW 1.666,,
316,GCA_947381495.1,Limosilactobacillus galli,BC6G17; DSM 113833; LMG 32623,Added in Mar 2024.,
317,AZFN00000000,Limosilactobacillus gastricus,CCUG 48454; DSM 16045; JCM 15952; Kx156A7; LMG 22113,,
318,BCAH00000000,Limosilactobacillus gorillae,DSM 28356; JCM 19575; KZ01,,
319,AZFK00000000,Limosilactobacillus ingluviei,CCUG 45722; JCM 12531; KR3; LMG 20380; DSM 15946,,
320,GCA_026413145.1,Limosilactobacillus kribbianus,JCM 35701; KCTC 25572; YH-lim2214,Added in Mar 2024.,
321,AZEQ00000000,Limosilactobacillus mucosae,CCUG 43179; CIP 106485; DSM 13345; JCM 12515; S32,,
322,OEPY00000000,Limosilactobacillus not validly described,,To check.- still in Michael's excel. So keep,
323,AZGE00000000,Limosilactobacillus oris,5A1; 5A1 of Hayward; ATCC 49062; CCUG 37396; CIP 103255; CIP 105162; DSM 4864; JCM 11028; JCM 7507; LMG 9848; NCDO 2160; NCFB 2160; NCIB 8831; NCIMB 8831,,
324,AZGM00000000,Limosilactobacillus panis,CCUG 37482; DSM 6035; JCM 11053,,
325,AZGO00000000,Limosilactobacillus pontis,ATCC 51518; CCUG 33456; CIP 104232; DSM 8475; JCM 11051; LMG 14187; LTH 2587,,
326,JABUXQ00000000,Limosilactobacillus portuensis,c11Ua_112_M; CECT 30145; LMG 31898,,
327,GCA_947381555.1,Limosilactobacillus pulli,BIEP23/BCEP10; DSM 115077; LMG 32877,Added in Mar 2024.,
328,AZDD00000000,Limosilactobacillus reuteri,ATCC 23272; CCUG 33624; CIP 101887; DSM 20016; F 275; IFO 15892; JCM 1112; LMG 13557; LMG 9213; NBIMCC 9069; NBRC 15892; NRRL B-14171,,
329,ASM1414544,Limosilactobacillus reuteri subsp. kinnaridis,AP3; DSM 110703; LMG 31724,,
330,GCA_000179455.1,Limosilactobacillus reuteri subsp. murium,DSM 110570; LMG 31634; lpuph1,"Updated on July 26, 2023. The old ACC leads to a protein.",
331,,Limosilactobacillus reuteri subsp. porcinus,3c6; DSM 110571; LMG 31635,To check. The old ACC leads to nothing. Perhaps this species does not exist anymore.,
332,"	GCA_000168255.1",Limosilactobacillus reuteri subsp. rodentium,100-23; CIP 109821; DSM 17509,"Updated on July 26, 2023. The old ACC leads to a protein.",
333,ASM23645,Limosilactobacillus reuteri subsp. suis,1063; ATCC 53608; LMG 31752,"Updated on July 26, 2023. The old ACC leads to a protein.",
334,ASM1414545,Limosilactobacillus rudii,DSM 110572; LMG 31631; STM 31,,
335,JQBW00000000,Limosilactobacillus secaliphilus,CCUG 53218; DSM 17896; JCM 15613; TMW 1.1309,,
336,JABUXR00000000,Limosilactobacillus urinaemulieris,c9Ua_26_M; CECT 30144; LMG 31899,Corrected. the species name was incorrect previously but I didn't find out.,
337,AZGL00000000,Limosilactobacillus vaginalis,ATCC 49540; CCUG 31452; CIP 105932; DSM 5837; JCM 9505; LMG 12891; NCTC 12197,,
338,GCA_947387525.1,Limosilactobacillus viscerum,CIEM62; DSM 113835; LMG 32625,Added in Mar 2024.,
339,AYZD00000000,Liquorilactobacillus aquaticus,CECT 7355; DSM 21051; IMCC 1736; JCM 16869,,
340,AYZE00000000,Liquorilactobacillus cacaonum,DSM 21116; LMG 24285,,
341,AZEF00000000,Liquorilactobacillus capillatus,BCRC 17811; DSM 19910; JCM 15044; YIT 11306,,
342,AZGB00000000,Liquorilactobacillus ghanensis,CCUG 53453; DSM 18630; JCM 15611; L489,,
343,AZDX00000000,Liquorilactobacillus hordei,DSM 19519; JCM 16179; LMG 24241; UCC128,,
344,AYYH00000000,Liquorilactobacillus mali,ATCC 27053; CCUG 30141; CCUG 32228; CIP 103142; DSM 20444; JCM 1116; LMG 6899; NBRC 102159; NCIB 10560; NCIMB 10560; NRRL B-4563; VKM B-1600,,
345,AZEV00000000,Liquorilactobacillus nagelii,ATCC 700692; CCUG 43575; DSM 13675; JCM 12492; LuE10,,
346,AZEH00000000,Liquorilactobacillus oeni,59b; CECT 7334; DSM 19972; JCM 18036,,
347,AZFQ00000000,Liquorilactobacillus satsumensis,DSM 16230; JCM 12392; NRIC 604,,
348,GCA_029916425.1,Liquorilactobacillus sicerae,CECT 8227; CUPV261; KCTC 21012,Added in Mar 2024.,
349,AYZF00000000,Liquorilactobacillus sucicola,DSM 21376; JCM 15457; NRIC 736,,
350,AZEG00000000,Liquorilactobacillus uvarum, 8; CECT 7335; DSM 19971; JCM 16870; Lb8,,
351,AYYX00000000,Liquorilactobacillus vini,CECT 5924; DSM 20605; JCM 14280; Mont 4,,
352,RHNQ00000000,Loigolactobacillus backii,DSM 18080; JCM 18665; L1062; LMG 23555,,
353,AZDA00000000,Loigolactobacillus bifermentans,ATCC 35409; CCUG 32234; CIP 102811; DSM 20003; JCM 1094; LMG 9845,,
354,BJDN00000000,Loigolactobacillus binensis,735-2; CCM 8925; LMG 31186; NCIMB 15190,,
355,AZCN00000000,Loigolactobacillus coryniformis subsp. coryniformis,,To check. Didn't find the type strain info. On LPCN.,
356,AZDC00000000,Loigolactobacillus coryniformis subsp. torquens,ATCC 25600; CCUG 30667; CIP 103134; DSM 20004; JCM 1166; LMG 9197; NRRL B-4390,"KEEP. don't have this species in NCBI but is in Michael's database, so keep.",
357,RHNP00000000,Loigolactobacillus iwatensis,DSM 26942; IWT246; JCM 18838,,
358,RHOF00000000,Loigolactobacillus jiayinensis,257-1; CCM 8904; LMG 31065; NCIMB 15166,,
359,AYYI00000000,Loigolactobacillus rennini,CECT 5922; DSM 20253; JCM 14279,,
360,RHOE00000000,Loigolactobacillus zhaoyuanensis,187-3; CCM 8910; NCIMB 15172,,
361,AXCV00000000,Oenococcus alcoholitolerans,CBAS 474; LMG 27599; UFRJ-M7.2.18,,
362,AFVZ00000000,Oenococcus kitaharae,DSM 17330; JCM 13282; NRIC 645,,
363,"GCA_000372485.1	",Oenococcus oeni,ATCC 23279; CCUG 30199; CCUG 32250; CIP 106144; DSM 20252; JCM 6125; LMG 9851; NBRC 100497; NCDO 1674; NCFB 1674; NCIMB 11648; NRRL B-3472,"Updated on July 26, 2023. The old ACC leads to strain PSU-1.",
364,CP029684,Oenococcus sicerae,CIRM-BIA 2288; DSM 107163; UCMA 15228,,
365,JQAZ00000000,Paralactobacillus selangorensis,ATCC BAA-66; CCUG 43347; CIP 106482; DSM 13344; LMG 17710,Still use this name even tho it's named Lactobacillus selangorensis on NCBI. Trust Michael's database.,
366,JQCH00000000,Paucilactobacillus hokkaidonensis,DSM 26202; JCM 18461; LOOC260,,
367,BJDM00000000,Paucilactobacillus kaifaensis,778-3; CCM 8929; LMG 31177; NCIMB 15191,,
368,BJEB00000000,Paucilactobacillus nenjiangensis,11102; LMG 27192; NCIMB 14833,,
369,AZFE00000000,Paucilactobacillus oligofermentans,AMKR18; CCUG 52263; DSM 15707; JCM 16175; LMG 22743,,
370,AZGF00000000,Paucilactobacillus suebicus,ATCC 49375; CCUG 32233; CIP 103411; DSM 5007; I; JCM 9504; KCTC 3549; LMG 11408; WC-t4-15,,
371,AYYY00000000,Paucilactobacillus vaccinostercus,ATCC 33310; CCUG 30723; CIP 102807; DSM 20634; JCM 1716; LMG 9215; NCIB 11808; NCIMB 11808; NRIC 1075; TUA 055B; X-94,,
372,AWTT00000000,Paucilactobacillus wasatchensis,DSM 29958; LMG 28678; WDC04,,
373,JQAQ00000000,Pediococcus acidilactici,B213c; Back S213C; CCUG 32235; CIP 103408; DSM 20284; LMG 11384; NCFB 2767; NCIMB 12174; AS1.2696,,
374,JQCQ00000000,Pediococcus argentinicus,CCUG 54535; CRL 776; DSM 23026; LMG 23999,,
375,JQBR00000000,Pediococcus cellicola,CGMCC 1.3787; DSM 17757; JCM 14152; LMG 22956; Z-8,,
376,JQBB00000000,Pediococcus claussenii,ATCC BAA-344; DSM 14800; P06,,
377,JQBD00000000,Pediococcus damnosus,ATCC 29358; Be.1; CCUG 32251; CIP 102264; DSM 20331; JCM 5886; LMG 11484; NBIMCC 8757; NCDO 1832; NCFB 1832; NCIB 12010; NCIMB 12010; VKM B-1602,,
378,JQBY00000000,Pediococcus ethanolidurans,CGMCC 1.3889; DSM 22301; LMG 23354; Z-9,,
379,JQBC00000000,Pediococcus inopinatus,ATCC 49902; CCUG 38496; CIP 102406; DSM 20285; JCM 12518; LMG 11409,,
380,BJWE00000000,Pediococcus parvulus,ATCC 19371; CCUG 28439; CIP 102262; DSM 20332; JCM 5889; LMG 11486; NBRC 100673; NCDO 1634; NCFB 1634; NCIB 9447; NCIMB 9447; VKM B-1604,,
381,JQBF00000000,Pediococcus pentosaceus,ATCC 33316; CCUG 32205; CIP 102260; DSM 20336; JCM 5890; LMG 11488; NBIMCC 8870; NCDO 990; NCFB 990; NCIB 12012; NCIMB 12012; NCTC 12956,,
382,JQBX00000000,Pediococcus stilesii,BFE 1652; CCUG 51290; DSM 18001; FAIR-E 180; LMG 23082,,
383,NZ_JAFBDN000000000.1,Periweissella beninensis,2L24P13; DSM 22752; JCM 18047; LMG 25373,To check. Perhaps the ACC need to be udpated.,
384,CP037940,Periweissella cryptocerci,26KH-42; KACC 18423; NBRC 113066,,
385,JAAXPN000000000,Periweissella fabalis,CCUG 61217; CCUG 61472; DSM 28407; LMG 26217; M75,,
386,GCA_918814575.1,Periweissella fabaria,257; DSM 21416; LMG 24289,"Updated on July 26, 2023. The old ACC is not a number. Inapporiate label.",
387,GCA_918814755.1,Periweissella ghanensis,215; DSM 19935; LMG 24286,"Updated on July 26, 2023. The old ACC is not a number. Inapporiate label.",
388,JAAXLJ000000000,Secundilactobacillus angelensis,GDMCC 1.3021; HBUAS51383; JCM 35209,Add in Mar 18 2023,
389,AZFW00000000,Schleiferilactobacillus harbinensis,AHU 1762; DSM 16991; JCM 16178; NBRC 100982; SBT 10908,,
390,AZEC00000000,Schleiferilactobacillus perolens,DSM 12744; JCM 12534; L 532; L 533T; LMG 18936,,
391,AVAA00000000,Schleiferilactobacillus shenzhenensis,CCTCC M 2011481; DSM 28193; KACC 16878; LY 73,,
392,AYYR00000000,Secundilactobacillus collinoides,ATCC 27612; CCUG 32259; CIP 103008; DSM 20515; JCM 1123; LMG 9194,,
393,WNJO00000000,Secundilactobacillus folii,CRM56-3; JCM 34223; LMG 31663; TISTR 2851,,
394,BJDO00000000,Secundilactobacillus hailunensis,887-11; CCM 8950; CCTCC AB 2018396; JCM 33864; NCIMB 15201,,
395,AZCX00000000,Secundilactobacillus kimchicus,DCY 51; JCM 15530; KCTC 12976,,
396,AZGJ00000000,Secundilactobacillus malefermentans,CCUG 32206; CIP 103367; DSM 5705; IFO 15905; JCM 12497; LMG 11455; NBRC 15905; NCDO 1410; NCFB 1410; NCIMB 701410; Strain D2 MF1,,
397,BCMF00000000,Secundilactobacillus mixtipabuli,DSM 28580; IWT30; JCM 19805,,
398,AZEE00000000,Secundilactobacillus odoratitofui,BCRC 17810; DSM 19909; JCM 15043; YIT 11304,,
399,BBJM00000000,Secundilactobacillus oryzae,DSM 26518; JCM 18671; SG 293,,
400,AZFD00000000,Secundilactobacillus paracollinoides,DSM 15502; JCM 11969; LA2,,
401,BCMI00000000,Secundilactobacillus pentosiphilus,DSM 102974; IWT25; JCM 31145; MAFF 516360,,
402,BCMG00000000,Secundilactobacillus silagei,DSM 27022; IWT126; JCM 19001,,
403,BCMJ00000000,Secundilactobacillus silagincola,DSM 102973; IWT5; JCM 31144; MAFF 516359,,
404,AYZM00000000,Secundilactobacillus similis,DSM 23365; JCM 2765; LMG 23904,,
405,BOLK00000000,Secundilactobacillus yichangensis,CCTCC AB 2019384; F79-211-2; JCM 33866; NCIMB 15254,,
406,FMAO00000000,Weissella bombi,DSM 28794; LMG 28290; R-53094,,
407,GCA_018394055.1,Weissella ceti,1119-1A-09; CCUG 59653; CECT 7719,"Updated on July 26, 2023. The old ACC leads to NC36.",
408,GCA_005405525.1,Weissella cibaria,CCUG 41967; DSM 15878; JCM 12495; LMG 17699,"Updated on July 26, 2023. The old ACC leads to a contig.",
409,GCA_011304355.1,Weissella coleopterorum,HDW19; JCM 33684; KACC 21347; KCTC 43114,,
410,JQAY00000000,Weissella confusa,ATCC 10881; BCRC 14002; CCRC 14002; CCUG 30113; CIP 103172; CIP 54.169; DSM 20196; JCM 1093; LMG 9497; NCDO 1586; NCFB 1586; NCIB 9311; NCIMB 9311; NRRL B-1064; TCC 10881,,
411,CP060724,Weissella diestrammenae,DSM 27940; JCM 18559; KACC 16890; ORY33,,
412,GCA_024718545.1,Weissella fangxianensis,GDMCC 1.3506; HBUAS51963; JCM 35803,Added in Mar 2024.,
413,JQAX00000000,Weissella halotolerans,ATCC 35410; BCRC 14050; CCRC 14050; CCUG 33457; CECT 573; CIP 103005; DSM 20190; JCM 1114; LMG 9469; NRIC 1627; R61,,
414,GCA_012396435.1,Weissella hellenica,ATCC 51523; CCUG 33494; DSM 7378; IFO 15553; JCM 10103; LMG 15125; LV346; NBRC 15553; NCFB 2973; NCIMB 702973,"Updated on July 26, 2023. The old ACC leads to  R-53116.",
415,CP014332,Weissella jogaejeotgali, FOL01; JCM 30580; KCCM 43128,,
416,JQBP00000000,Weissella kandleri,ATCC 51149; BCRC 14624; CCRC 14624; CCUG 32237; CIP 102809; DSM 20593; JCM 5817; L250; LMG 18979; NCDO 2753; NCFB 2753; NCIMB 702753; NRIC 1628,,
417,AKGG00000000,Weissella koreensis,CCUG 47134; DSM 15830; JCM 11263; KCCM 41516; KCTC 3621; S-5623,,
418,JQCD00000000,Weissella minor,3; ATCC 35412; DSM 20014,,
419,SDGZ00000000,Weissella muntiaci,8 H-2; BCRC 81133; NBRC 113537,,
420,BAWR00000000,Weissella oryzae,DSM 25784; JCM 18191; SG 25,,
421,ACKU00000000,Weissella paramesenteroides,ATCC 33313; CCUG 30068; CIP 102421; DSM 20288; JCM 9890; LMG 9852; NCDO 803; NCFB 803; NCIMB 13092; NRIC 1542; NRRL B-1186; NRRL B-3471,,
422,BJDT00000000,Weissella sagaensis,CCM 8924; CCTCC AB 2018403; LMG 31184; NCIMB 15192; X0750,,
423,QRAS00000000,Weissella soli,CCUG 46608; DSM 14420; JCM 12536; LMG 20113; Mi268;  CECT 7031,,
424,GCA_005405465.1,Weissella thailandensis,CCUG 46557; CIP 106751; DSM 15832; FS61-1; HSCC 1412; JCM 10695; KCTC 3751; NRIC 298; PCU 210; TISTR 1384,"Updated on July 26, 2023. The old ACC leads to  a contig.",
425,NZ_JAFBEO000000000.1,Weissella uvarum,B18NM42; DSM 28060; NCCB 100484,,
426,JQBM00000000,Weissella viridescens,ATCC 12706; BCRC 11650; CCM 56; CCRC 11650; CCUG 21533; CCUG 30502; CECT 283; CIP 102810; DSM 20410; IAM 13546; JCM 1174; LMG 3507; NBIMCC 8897; NCCB 71015; NCDO 1655; NCFB 1655; NCIB 8965; NCIMB 8965; NRIC 1536; NRRL B-1951; VKM B-1528,,
427,GCA_023380205.1,Nicoliella spurrieriana,LMG 32134; NBRC 114992; SGEP1_A5,New genus published in 2022-09-26. Nicolia was replace by Nicoliella in Apr 2023.,
428,GCA_033095985.1,Xylocopilactobacillus apicola,DSM 114411; JCM 35348; XA3,Added in Mar 2024.,
429,GCA_033095965.1,Xylocopilactobacillus apis,DSM 114410; JCM 35347; KimC2,Added in Mar 2024.,